#Core_gene	Description	Function	Duplication	BGC_Proximity	Phylogeny	Known_target	[Hits_listed]
TIGR00133	gatB: aspartyl/glutamyl-tRNA(Asn/Gln) amidotransferase, B subunit	Protein synthesis	No	No	No	No	[Salinispora tropica CNB-440, complete genome.|-|aspartyl/glutamyl-tRNA(Asn/Gln) amidotransferase subunit B|loc|1377204 1378704 1 # ID=1_1209|Type=CDS|transl_table=11]
TIGR00135	gatC: aspartyl/glutamyl-tRNA(Asn/Gln) amidotransferase, C subunit	Protein synthesis	No	No	No	No	[Salinispora tropica CNB-440, complete genome.|-|aspartyl/glutamyl-tRNA(Asn/Gln) amidotransferase subunit C|loc|1375413 1375719 1 # ID=1_1207|Type=CDS|transl_table=11]
TIGR01448	recD_rel: helicase, RecD/TraA family	Unknown function	No	No	No	No	[Salinispora tropica CNB-440, complete genome.|-|helicase, RecD/TraA family|loc|263469 265695 -1 # ID=1_233|Type=CDS|transl_table=11]
TIGR01520	FruBisAldo_II_A: fructose-bisphosphate aldolase, class II	Energy metabolism	No	No	No	No	[Salinispora tropica CNB-440, complete genome.|-|fructose-bisphosphate aldolase|loc|139112 140135 1 # ID=1_130|Type=CDS|transl_table=11]
TIGR00767	rho: transcription termination factor Rho	Transcription	No	No	No	No	[Salinispora tropica CNB-440, complete genome.|-|transcription termination factor Rho|loc|4173921 4175949 -1 # ID=1_3601|Type=CDS|transl_table=11]
TIGR00762	DegV: EDD domain protein, DegV family	Unknown function	No	No	No	No	[Salinispora tropica CNB-440, complete genome.|-|degV family protein|loc|3978631 3979492 -1 # ID=1_3422|Type=CDS|transl_table=11]
TIGR00447	pth: aminoacyl-tRNA hydrolase	Protein synthesis	No	No	No	No	[Salinispora tropica CNB-440, complete genome.|-|peptidyl-tRNA hydrolase|loc|879263 879854 1 # ID=1_786|Type=CDS|transl_table=11]
TIGR02692	tRNA_CCA_actino: CCA tRNA nucleotidyltransferase	Protein synthesis	No	No	No	No	[Salinispora tropica CNB-440, complete genome.|-|HDIG domain protein|loc|5162095 5163553 -1 # ID=1_4526|Type=CDS|transl_table=11]
TIGR00442	hisS: histidine--tRNA ligase	Protein synthesis	No	No	No	No	[Salinispora tropica CNB-440, complete genome.|-|Histidine--tRNA ligase|loc|2080893 2082222 1 # ID=1_1799|Type=CDS|transl_table=11]
TIGR01146	ATPsyn_F1gamma: ATP synthase F1, gamma subunit	Energy metabolism	No	No	No	No	[Salinispora tropica CNB-440, complete genome.|-|ATP synthase F1, gamma subunit|loc|4159764 4160694 -1 # ID=1_3586|Type=CDS|transl_table=11]
TIGR01808	CM_M_hiGC-arch: chorismate mutase	Amino acid biosynthesis	No	No	No	No	[Salinispora tropica CNB-440, complete genome.|-|chorismate mutase|loc|4374888 4375227 1 # ID=1_3773|Type=CDS|transl_table=11]
TIGR01962	NuoD: NADH dehydrogenase (quinone), D subunit	Energy metabolism	No	No	No	No	[Salinispora tropica CNB-440, complete genome.|-|NADH dehydrogenase I, D subunit|loc|4620840 4622166 -1 # ID=1_4016|Type=CDS|transl_table=11]
TIGR01967	DEAH_box_HrpA: RNA helicase HrpA	Unknown function	No	Yes	No	No	[Salinispora tropica CNB-440, complete genome.|-|ATP-dependent helicase HrpA|loc|1961501 1965521 -1 # ID=1_1694|Type=CDS|transl_table=11]
TIGR01966	RNasePH: ribonuclease PH	Transcription	No	No	No	No	[Salinispora tropica CNB-440, complete genome.|-|RNAse PH|loc|1248989 1249715 1 # ID=1_1093|Type=CDS|transl_table=11]
TIGR00204	dxs: 1-deoxy-D-xylulose-5-phosphate synthase	Biosynthesis of cofactors, prosthetic groups, and carriers	No	No	No	No	[Salinispora tropica CNB-440, complete genome.|-|1-Deoxy-D-xylulose-5-phosphate synthase|loc|1697750 1699784 1 # ID=1_1473|Type=CDS|transl_table=11]
TIGR00001	rpmI_bact: ribosomal protein bL35	Protein synthesis	No	No	No	No	[Salinispora tropica CNB-440, complete genome.|-|LSU ribosomal protein L35P|loc|2150330 2150525 1 # ID=1_1863|Type=CDS|transl_table=11]
TIGR00009	L28: ribosomal protein bL28	Protein synthesis	Yes	No	Yes	No	[Salinispora tropica CNB-440, complete genome.|-|LSU ribosomal protein L28P|loc|1436895 1437087 -1 # ID=1_1265|Type=CDS|transl_table=11; Salinispora tropica CNB-440, complete genome.|-|LSU ribosomal protein L28P|loc|3270696 3270933 -1 # ID=1_2817|Type=CDS|transl_table=11]
TIGR00008	infA: translation initiation factor IF-1	Protein synthesis	No	No	No	No	[Salinispora tropica CNB-440, complete genome.|-|bacterial translation initiation factor 1 (bIF-1)|loc|4460212 4460674 -1 # ID=1_3854|Type=CDS|transl_table=11]
TIGR00612	ispG_gcpE: 4-hydroxy-3-methylbut-2-en-1-yl diphosphate synthase	Biosynthesis of cofactors, prosthetic groups, and carriers	No	No	No	No	[Salinispora tropica CNB-440, complete genome.|-|4-hydroxy-3-methylbut-2-en-1-yl diphosphate synthase|loc|1518098 1519271 1 # ID=1_1337|Type=CDS|transl_table=11]
TIGR00613	reco: DNA repair protein RecO	DNA metabolism	No	No	No	No	[Salinispora tropica CNB-440, complete genome.|-|DNA repair protein RecO|loc|3954326 3955166 -1 # ID=1_3399|Type=CDS|transl_table=11]
TIGR02274	dCTP_deam: deoxycytidine triphosphate deaminase	Purines, pyrimidines, nucleosides, and nucleotides	No	No	No	No	[Salinispora tropica CNB-440, complete genome.|-|dCTP deaminase|loc|65960 66539 -1 # ID=1_56|Type=CDS|transl_table=11]
TIGR00615	recR: recombination protein RecR	DNA metabolism	No	No	No	No	[Salinispora tropica CNB-440, complete genome.|-|DNA replication and repair protein RecR|loc|245262 245856 1 # ID=1_218|Type=CDS|transl_table=11]
TIGR02348	GroEL: chaperonin GroL	Protein fate	No	No	Yes	No	[Salinispora tropica CNB-440, complete genome.|-|chaperonin GroEL|loc|306169 307792 1 # ID=1_272|Type=CDS|transl_table=11; Salinispora tropica CNB-440, complete genome.|-|chaperonin GroEL|loc|4401306 4402938 -1 # ID=1_3795|Type=CDS|transl_table=11]
TIGR02349	DnaJ_bact: chaperone protein DnaJ	Unclassified	No	No	No	No	[Salinispora tropica CNB-440, complete genome.|-|chaperone protein DnaJ|loc|3962133 3963279 -1 # ID=1_3407|Type=CDS|transl_table=11]
TIGR02947	SigH_actino: RNA polymerase sigma-70 factor, TIGR02947 family	Unclassified	No	No	No	No	[Salinispora tropica CNB-440, complete genome.|-|sigma-70 region 2 domain protein|loc|4257798 4258413 -1 # ID=1_3669|Type=CDS|transl_table=11]
TIGR03686	pupylate_PafA: Pup--protein ligase	Protein fate	No	No	No	No	[Salinispora tropica CNB-440, complete genome.|-|protein of unknown function DUF245 domain protein|loc|2540509 2541868 1 # ID=1_2218|Type=CDS|transl_table=11]
TIGR03687	pupylate_cterm: ubiquitin-like protein Pup	Protein fate	No	Yes	No	No	[Salinispora tropica CNB-440, complete genome.|-|protein of unknown function DUF797|loc|2537287 2537578 1 # ID=1_2214|Type=CDS|transl_table=11]
TIGR03688	pupylate_PafA2: proteasome accessory factor PafA2	Protein fate	No	Yes	No	No	[Salinispora tropica CNB-440, complete genome.|-|protein of unknown function DUF245 domain protein|loc|2535740 2537258 1 # ID=1_2213|Type=CDS|transl_table=11]
TIGR03689	pup_AAA: proteasome ATPase	Protein fate	No	Yes	No	No	[Salinispora tropica CNB-440, complete genome.|-|AAA ATPase, central domain protein|loc|2533810 2535592 1 # ID=1_2212|Type=CDS|transl_table=11]
TIGR03442	TIGR03442: ergothioneine biosynthesis protein EgtC	Biosynthesis of cofactors, prosthetic groups, and carriers	No	No	No	No	[Salinispora tropica CNB-440, complete genome.|-|hypothetical protein|loc|2392140 2392890 1 # ID=1_2087|Type=CDS|transl_table=11]
TIGR02200	GlrX_actino: glutaredoxin-like protein	Unclassified	No	No	No	No	[Salinispora tropica CNB-440, complete genome.|-|glutaredoxin-like protein|loc|4284532 4284775 1 # ID=1_3695|Type=CDS|transl_table=11]
TIGR03446	mycothiol_Mca: mycothiol conjugate amidase Mca	Cellular processes	No	No	No	No	[Salinispora tropica CNB-440, complete genome.|-|LmbE family protein|loc|1032871 1033735 1 # ID=1_920|Type=CDS|transl_table=11]
TIGR03447	mycothiol_MshC: cysteine--1-D-myo-inosityl 2-amino-2-deoxy-alpha-D-glucopyranoside ligase	Biosynthesis of cofactors, prosthetic groups, and carriers	No	No	No	No	[Salinispora tropica CNB-440, complete genome.|-|cysteinyl-tRNA synthetase|loc|2453138 2454353 1 # ID=1_2140|Type=CDS|transl_table=11]
TIGR03448	mycothiol_MshD: mycothiol synthase	Biosynthesis of cofactors, prosthetic groups, and carriers	No	No	No	No	[Salinispora tropica CNB-440, complete genome.|-|GCN5-related N-acetyltransferase|loc|333065 333989 -1 # ID=1_294|Type=CDS|transl_table=11]
TIGR03449	mycothiol_MshA: D-inositol-3-phosphate glycosyltransferase	Unclassified	No	No	No	No	[Salinispora tropica CNB-440, complete genome.|-|glycosyl transferase, group 1|loc|382613 384062 1 # ID=1_334|Type=CDS|transl_table=11]
TIGR00090	rsfS_iojap_ybeB: ribosome silencing factor	Protein synthesis	No	No	No	No	[Salinispora tropica CNB-440, complete genome.|-|iojap-like protein|loc|3981295 3981694 -1 # ID=1_3425|Type=CDS|transl_table=11]
TIGR00810	secG: preprotein translocase, SecG subunit	Protein fate	No	No	No	No	[Salinispora tropica CNB-440, complete genome.|-|protein translocase subunit secG|loc|3548185 3548446 -1 # ID=1_3053|Type=CDS|transl_table=11]
TIGR00092	TIGR00092: GTP-binding protein YchF	Unknown function	No	No	No	No	[Salinispora tropica CNB-440, complete genome.|-|GTP-binding protein YchF|loc|4332640 4333726 -1 # ID=1_3736|Type=CDS|transl_table=11]
TIGR01308	rpmD_bact: ribosomal protein uL30	Protein synthesis	No	No	No	No	[Salinispora tropica CNB-440, complete genome.|-|LSU ribosomal protein L30P|loc|4465190 4465373 -1 # ID=1_3859|Type=CDS|transl_table=11]
TIGR00544	lgt: prolipoprotein diacylglyceryl transferase	Protein fate	No	No	No	No	[Salinispora tropica CNB-440, complete genome.|-|prolipoprotein diacylglyceryl transferase|loc|3639770 3640907 -1 # ID=1_3124|Type=CDS|transl_table=11]
TIGR01981	sufD: FeS assembly protein SufD	Biosynthesis of cofactors, prosthetic groups, and carriers	No	Yes	No	No	[Salinispora tropica CNB-440, complete genome.|-|Iron-regulated ABC transporter permease protein SufD|loc|3532314 3533511 -1 # ID=1_3040|Type=CDS|transl_table=11]
TIGR01980	sufB: FeS assembly protein SufB	Biosynthesis of cofactors, prosthetic groups, and carriers	No	Yes	No	No	[Salinispora tropica CNB-440, complete genome.|-|Iron-regulated ABC transporter membrane component SufB|loc|3533589 3535020 -1 # ID=1_3041|Type=CDS|transl_table=11]
TIGR00262	trpA: tryptophan synthase, alpha subunit	Amino acid biosynthesis	No	No	No	No	[Salinispora tropica CNB-440, complete genome.|-|tryptophan synthase, alpha chain|loc|3640974 3641778 -1 # ID=1_3125|Type=CDS|transl_table=11]
TIGR01017	rpsD_bact: ribosomal protein uS4	Protein synthesis	Yes	No	Yes	No	[Salinispora tropica CNB-440, complete genome.|-|SSU ribosomal protein S4P|loc|4458295 4458922 -1 # ID=1_3850|Type=CDS|transl_table=11; Salinispora tropica CNB-440, complete genome.|-|SSU ribosomal protein S4P|loc|4944182 4944791 1 # ID=1_4321|Type=CDS|transl_table=11]
TIGR01011	rpsB_bact: ribosomal protein uS2	Protein synthesis	No	No	No	No	[Salinispora tropica CNB-440, complete genome.|-|SSU ribosomal protein S2P|loc|1486251 1487139 1 # ID=1_1310|Type=CDS|transl_table=11]
TIGR00708	cobA: cob(I)yrinic acid a,c-diamide adenosyltransferase	Biosynthesis of cofactors, prosthetic groups, and carriers	No	No	No	No	[Salinispora tropica CNB-440, complete genome.|-|cob(I)yrinic acid a,c-diamide adenosyltransferase|loc|2839630 2840242 -1 # ID=1_2492|Type=CDS|transl_table=11]
TIGR00401	msrA: peptide-methionine (S)-S-oxide reductase	Protein fate	No	No	No	No	[Salinispora tropica CNB-440, complete genome.|-|peptide methionine sulfoxide reductase|loc|1026248 1026911 -1 # ID=1_913|Type=CDS|transl_table=11]
TIGR00409	proS_fam_II: proline--tRNA ligase	Protein synthesis	No	No	Yes	No	[Salinispora tropica CNB-440, complete genome.|-|prolyl-tRNA synthetase|loc|2048544 2050332 1 # ID=1_1774|Type=CDS|transl_table=11]
TIGR03705	poly_P_kin: polyphosphate kinase 1	Central intermediary metabolism	No	No	No	No	[Salinispora tropica CNB-440, complete genome.|-|Polyphosphate kinase|loc|1424013 1426296 -1 # ID=1_1250|Type=CDS|transl_table=11]
TIGR03701	mena_SCO4490: menaquinone biosynthesis decarboxylase, SCO4490 family	Biosynthesis of cofactors, prosthetic groups, and carriers	No	No	No	No	[Salinispora tropica CNB-440, complete genome.|-|3-octaprenyl-4hydroxybenzoate decarboxylase|loc|4653842 4655303 -1 # ID=1_4048|Type=CDS|transl_table=11]
TIGR03819	heli_sec_ATPase: helicase/secretion neighborhood ATPase	Unclassified	No	No	No	No	[Salinispora tropica CNB-440, complete genome.|-|type II secretion system protein E|loc|4590322 4591528 -1 # ID=1_3993|Type=CDS|transl_table=11]
TIGR00168	infC: translation initiation factor IF-3	Protein synthesis	No	No	No	No	[Salinispora tropica CNB-440, complete genome.|-|bacterial translation initiation factor 3 (bIF-3)|loc|2149695 2150310 1 # ID=1_1862|Type=CDS|transl_table=11]
TIGR00042	TIGR00042: non-canonical purine NTP pyrophosphatase, RdgB/HAM1 family	DNA metabolism	No	No	No	No	[Salinispora tropica CNB-440, complete genome.|-|non-canonical purine NTP pyrophosphatase, rdgB/HAM1 family|loc|1249764 1250379 1 # ID=1_1094|Type=CDS|transl_table=11]
TIGR00165	S18: ribosomal protein bS18	Protein synthesis	No	No	No	No	[Salinispora tropica CNB-440, complete genome.|-|SSU ribosomal protein S18P|loc|5142335 5142617 -1 # ID=1_4506|Type=CDS|transl_table=11]
TIGR00166	S6: ribosomal protein bS6	Protein synthesis	No	No	No	No	[Salinispora tropica CNB-440, complete genome.|-|SSU ribosomal protein S6P|loc|5143234 5143525 -1 # ID=1_4508|Type=CDS|transl_table=11]
TIGR02386	rpoC_TIGR: DNA-directed RNA polymerase, beta' subunit	Transcription	No	No	No	No	[Salinispora tropica CNB-440, complete genome.|-|DNA-directed RNA polymerase, beta subunit|loc|4481198 4485092 -1 # ID=1_3886|Type=CDS|transl_table=11]
TIGR00653	GlnA: glutamine synthetase, type I	Amino acid biosynthesis	No	No	Yes	No	[Salinispora tropica CNB-440, complete genome.|-|L-glutamine synthetase|loc|3823495 3824920 1 # ID=1_3287|Type=CDS|transl_table=11; Salinispora tropica CNB-440, complete genome.|-|L-glutamine synthetase|loc|3833835 3835191 -1 # ID=1_3294|Type=CDS|transl_table=11]
TIGR00651	pta: phosphate acetyltransferase	Energy metabolism	No	No	No	No	[Salinispora tropica CNB-440, complete genome.|-|phosphotransacetylase|loc|4234931 4237007 1 # ID=1_3647|Type=CDS|transl_table=11]
TIGR00499	lysS_bact: lysine--tRNA ligase	Protein synthesis	No	Yes	No	No	[Salinispora tropica CNB-440, complete genome.|-|lysyl-tRNA synthetase|loc|4845768 4847277 -1 # ID=1_4229|Type=CDS|transl_table=11]
TIGR00496	frr: ribosome recycling factor	Protein synthesis	No	No	No	No	[Salinispora tropica CNB-440, complete genome.|-|ribosome recycling factor|loc|1489044 1489602 1 # ID=1_1313|Type=CDS|transl_table=11]
TIGR01311	glycerol_kin: glycerol kinase	Energy metabolism	Yes	No	No	No	[Salinispora tropica CNB-440, complete genome.|-|glycerol kinase|loc|572217 573735 -1 # ID=1_497|Type=CDS|transl_table=11; Salinispora tropica CNB-440, complete genome.|-|glycerol kinase|loc|575603 577127 1 # ID=1_500|Type=CDS|transl_table=11; Salinispora tropica CNB-440, complete genome.|-|glycerol kinase|loc|2770526 2772044 -1 # ID=1_2430|Type=CDS|transl_table=11]
TIGR00194	uvrC: excinuclease ABC subunit C	DNA metabolism	No	No	No	No	[Salinispora tropica CNB-440, complete genome.|-|Excinuclease ABC subunit C|loc|3560711 3562709 -1 # ID=1_3066|Type=CDS|transl_table=11]
TIGR00196	yjeF_cterm: YjeF family C-terminal domain	Unknown function	No	No	No	No	[Salinispora tropica CNB-440, complete genome.|-|carbohydrate kinase, YjeF related protein|loc|4416479 4417985 -1 # ID=1_3812|Type=CDS|transl_table=11]
TIGR00191	thrB: homoserine kinase	Amino acid biosynthesis	No	No	No	No	[Salinispora tropica CNB-440, complete genome.|-|homoserine kinase|loc|4176347 4177277 -1 # ID=1_3602|Type=CDS|transl_table=11]
TIGR00190	thiC: phosphomethylpyrimidine synthase	Biosynthesis of cofactors, prosthetic groups, and carriers	No	No	No	No	[Salinispora tropica CNB-440, complete genome.|-|thiamine biosynthesis protein ThiC|loc|4446308 4447901 -1 # ID=1_3837|Type=CDS|transl_table=11]
PGK	PF00162.15: Phosphoglycerate kinase	Unclassified	No	No	No	No	[Salinispora tropica CNB-440, complete genome.|-|phosphoglycerate kinase|loc|3549334 3550534 -1 # ID=1_3055|Type=CDS|transl_table=11]
TIGR02727	MTHFS_bact: 5-formyltetrahydrofolate cyclo-ligase	Central intermediary metabolism	No	No	No	No	[Salinispora tropica CNB-440, complete genome.|-|5-formyltetrahydrofolate cyclo-ligase|loc|823874 824504 -1 # ID=1_738|Type=CDS|transl_table=11]
TIGR02729	Obg_CgtA: Obg family GTPase CgtA	Protein synthesis	No	No	No	No	[Salinispora tropica CNB-440, complete genome.|-|small GTP-binding protein|loc|3986293 3987739 -1 # ID=1_3431|Type=CDS|transl_table=11]
TIGR02258	2_5_ligase: 2'-5' RNA ligase	Transcription	No	No	No	No	[Salinispora tropica CNB-440, complete genome.|-|2-5 RNA ligase|loc|480159 480738 1 # ID=1_423|Type=CDS|transl_table=11]
TIGR00580	mfd: transcription-repair coupling factor	DNA metabolism	No	No	No	No	[Salinispora tropica CNB-440, complete genome.|-|transcription-repair coupling factor|loc|989630 993281 1 # ID=1_879|Type=CDS|transl_table=11]
TIGR02157	PA_CoA_Oxy2: phenylacetate-CoA oxygenase, PaaH subunit	Energy metabolism	No	No	No	No	[Salinispora tropica CNB-440, complete genome.|-|phenylacetate-CoA oxygenase, PaaH subunit|loc|4630221 4630542 -1 # ID=1_4026|Type=CDS|transl_table=11]
TIGR02156	PA_CoA_Oxy1: phenylacetate-CoA oxygenase, PaaG subunit	Energy metabolism	No	No	No	No	[Salinispora tropica CNB-440, complete genome.|-|phenylacetate-CoA oxygenase, PaaG subunit|loc|4630538 4631600 -1 # ID=1_4027|Type=CDS|transl_table=11]
TIGR03534	RF_mod_PrmC: protein-(glutamine-N5) methyltransferase, release factor-specific	Protein fate	No	No	No	No	[Salinispora tropica CNB-440, complete genome.|-|modification methylase, HemK family|loc|4169573 4170503 -1 # ID=1_3597|Type=CDS|transl_table=11]
TIGR03535	DapD_actino: 2,3,4,5-tetrahydropyridine-2,6-dicarboxylate N-succinyltransferase	Unclassified	No	No	No	No	[Salinispora tropica CNB-440, complete genome.|-|hypothetical protein|loc|4301586 4302546 1 # ID=1_3708|Type=CDS|transl_table=11]
TIGR00223	panD: aspartate 1-decarboxylase	Biosynthesis of cofactors, prosthetic groups, and carriers	No	Yes	No	No	[Salinispora tropica CNB-440, complete genome.|-|L-aspartate 1-decarboxylase|loc|4852048 4852477 -1 # ID=1_4234|Type=CDS|transl_table=11]
TIGR00222	panB: 3-methyl-2-oxobutanoate hydroxymethyltransferase	Biosynthesis of cofactors, prosthetic groups, and carriers	No	No	No	No	[Salinispora tropica CNB-440, complete genome.|-|3-methyl-2-oxobutanoate hydroxymethyltransferase|loc|3837343 3838189 1 # ID=1_3296|Type=CDS|transl_table=11]
TIGR02159	PA_CoA_Oxy4: phenylacetate-CoA oxygenase, PaaJ subunit	Energy metabolism	No	No	No	No	[Salinispora tropica CNB-440, complete genome.|-|phenylacetate-CoA oxygenase, PaaJ subunit|loc|4628948 4629425 -1 # ID=1_4024|Type=CDS|transl_table=11]
TIGR02158	PA_CoA_Oxy3: phenylacetate-CoA oxygenase, PaaI subunit	Energy metabolism	No	No	No	No	[Salinispora tropica CNB-440, complete genome.|-|phenylacetate-CoA oxygenase, PaaI subunit|loc|4629421 4630225 -1 # ID=1_4025|Type=CDS|transl_table=11]
TIGR01059	gyrB: DNA gyrase, B subunit	DNA metabolism	No	No	No	Yes	[Salinispora tropica CNB-440, complete genome.|-|DNA gyrase subunit B|loc|7787 9947 1 # ID=1_8|Type=CDS|transl_table=11]
TIGR00343	TIGR00343: pyridoxal 5'-phosphate synthase, synthase subunit Pdx1	Biosynthesis of cofactors, prosthetic groups, and carriers	No	No	No	No	[Salinispora tropica CNB-440, complete genome.|-|pyridoxine biosynthesis protein|loc|2045515 2046436 1 # ID=1_1771|Type=CDS|transl_table=11]
TIGR00344	alaS: alanine--tRNA ligase	Protein synthesis	No	No	No	No	[Salinispora tropica CNB-440, complete genome.|-|alanyl-tRNA synthetase|loc|2092522 2095201 1 # ID=1_1808|Type=CDS|transl_table=11]
TIGR01198	pgl: 6-phosphogluconolactonase	Energy metabolism	No	No	No	No	[Salinispora tropica CNB-440, complete genome.|-|6-phosphogluconolactonase|loc|3547328 3548099 1 # ID=1_3052|Type=CDS|transl_table=11]
TIGR01050	rpsS_bact: ribosomal protein uS19	Protein synthesis	No	No	No	No	[Salinispora tropica CNB-440, complete genome.|-|SSU ribosomal protein S19P|loc|4471312 4471594 -1 # ID=1_3873|Type=CDS|transl_table=11]
TIGR00876	tal_mycobact: transaldolase	Energy metabolism	No	No	No	No	[Salinispora tropica CNB-440, complete genome.|-|transaldolase|loc|3541892 3543071 1 # ID=1_3048|Type=CDS|transl_table=11]
TIGR00877	purD: phosphoribosylamine--glycine ligase	Purines, pyrimidines, nucleosides, and nucleotides	No	No	No	No	[Salinispora tropica CNB-440, complete genome.|-|phosphoribosylamine--glycine ligase|loc|144963 146214 1 # ID=1_134|Type=CDS|transl_table=11]
TIGR01356	aroA: 3-phosphoshikimate 1-carboxyvinyltransferase	Amino acid biosynthesis	Yes	No	No	No	[Salinispora tropica CNB-440, complete genome.|-|3-phosphoshikimate 1-carboxyvinyltransferase|loc|3415748 3416993 -1 # ID=1_2945|Type=CDS|transl_table=11; Salinispora tropica CNB-440, complete genome.|-|3-phosphoshikimate 1-carboxyvinyltransferase|loc|4260938 4262240 1 # ID=1_3673|Type=CDS|transl_table=11]
TIGR00871	zwf: glucose-6-phosphate dehydrogenase	Energy metabolism	No	No	No	No	[Salinispora tropica CNB-440, complete genome.|-|glucose-6-phosphate 1-dehydrogenase|loc|3544766 3546284 1 # ID=1_3050|Type=CDS|transl_table=11]
TIGR00878	purM: phosphoribosylformylglycinamidine cyclo-ligase	Purines, pyrimidines, nucleosides, and nucleotides	No	No	No	No	[Salinispora tropica CNB-440, complete genome.|-|phosphoribosylformylglycinamidine cyclo-ligase|loc|169886 171041 1 # ID=1_155|Type=CDS|transl_table=11]
TIGR03953	rplD_bact: 50S ribosomal protein uL4	Protein synthesis	No	No	No	No	[Salinispora tropica CNB-440, complete genome.|-|LSU ribosomal protein L4P|loc|4472757 4473408 -1 # ID=1_3876|Type=CDS|transl_table=11]
TIGR03954	integ_memb_HG: integral membrane protein	Unknown function	No	No	No	No	[Salinispora tropica CNB-440, complete genome.|-|hypothetical protein|loc|4094837 4095173 1 # ID=1_3533|Type=CDS|transl_table=11]
TIGR02753	sodN: superoxide dismutase, Ni	Unclassified	No	No	No	No	[Salinispora tropica CNB-440, complete genome.|-|Superoxide dismutase|loc|4241015 4241420 1 # ID=1_3652|Type=CDS|transl_table=11]
Methyltransf_5	PF01795.15: MraW methylase family	Unclassified	No	No	No	No	[Salinispora tropica CNB-440, complete genome.|-|S-adenosyl-methyltransferase MraW|loc|3689867 3690983 -1 # ID=1_3175|Type=CDS|transl_table=11]
TIGR02027	rpoA: DNA-directed RNA polymerase, alpha subunit	Transcription	No	No	No	No	[Salinispora tropica CNB-440, complete genome.|-|DNA-directed RNA polymerase, alpha subunit|loc|4457179 4458244 -1 # ID=1_3849|Type=CDS|transl_table=11]
TIGR03625	L3_bact: 50S ribosomal protein uL3	Unclassified	No	No	No	No	[Salinispora tropica CNB-440, complete genome.|-|LSU ribosomal protein L3P|loc|4473404 4474064 -1 # ID=1_3877|Type=CDS|transl_table=11]
TIGR00539	hemN_rel: putative oxygen-independent coproporphyrinogen III oxidase	Biosynthesis of cofactors, prosthetic groups, and carriers	No	No	No	No	[Salinispora tropica CNB-440, complete genome.|-|coproporphyrinogen III oxidase, anaerobic|loc|3965357 3966581 -1 # ID=1_3410|Type=CDS|transl_table=11]
TIGR00079	pept_deformyl: peptide deformylase	Protein fate	No	No	Yes	No	[Salinispora tropica CNB-440, complete genome.|-|peptide deformylase|loc|2136927 2137488 1 # ID=1_1848|Type=CDS|transl_table=11; Salinispora tropica CNB-440, complete genome.|-|peptide deformylase|loc|2652129 2652633 -1 # ID=1_2326|Type=CDS|transl_table=11]
TIGR01128	holA: DNA polymerase III, delta subunit	DNA metabolism	No	No	No	No	[Salinispora tropica CNB-440, complete genome.|-|DNA polymerase III, delta subunit|loc|3974122 3975103 -1 # ID=1_3419|Type=CDS|transl_table=11]
TIGR01125	TIGR01125: ribosomal protein S12 methylthiotransferase RimO	Protein synthesis	No	No	No	No	[Salinispora tropica CNB-440, complete genome.|-|MiaB-like tRNA modifying enzyme YliG|loc|1567137 1568661 1 # ID=1_1381|Type=CDS|transl_table=11]
TIGR00120	ArgJ: glutamate N-acetyltransferase/amino-acid acetyltransferase	Amino acid biosynthesis	No	No	No	No	[Salinispora tropica CNB-440, complete genome.|-|glutamate N-acetyltransferase|loc|2156963 2158136 1 # ID=1_1869|Type=CDS|transl_table=11]
TIGR00121	birA_ligase: biotin--[acetyl-CoA-carboxylase] ligase	Protein fate	No	No	No	No	[Salinispora tropica CNB-440, complete genome.|-|biotin--acetyl-CoA-carboxylase ligase|loc|960744 961620 1 # ID=1_852|Type=CDS|transl_table=11]
TIGR00521	coaBC_dfp: phosphopantothenoylcysteine decarboxylase / phosphopantothenate--cysteine ligase	Biosynthesis of cofactors, prosthetic groups, and carriers	No	No	No	No	[Salinispora tropica CNB-440, complete genome.|-|Phosphopantothenate-cysteine ligase / Phosphopantothenoylcysteine decarboxylase|loc|2129791 2131003 1 # ID=1_1843|Type=CDS|transl_table=11]
TIGR00753	undec_PP_bacA: undecaprenyl-diphosphatase UppP	Cell envelope	No	No	No	No	[Salinispora tropica CNB-440, complete genome.|-|Undecaprenyl-diphosphatase|loc|2449822 2450659 1 # ID=1_2136|Type=CDS|transl_table=11]
TIGR00459	aspS_bact: aspartate--tRNA ligase	Protein synthesis	No	No	No	No	[Salinispora tropica CNB-440, complete genome.|-|aspartyl-tRNA synthetase|loc|2083578 2085402 1 # ID=1_1801|Type=CDS|transl_table=11]
TIGR00755	ksgA: ribosomal RNA small subunit methyltransferase A	Protein synthesis	No	No	No	No	[Salinispora tropica CNB-440, complete genome.|-|dimethyladenosine transferase|loc|869406 870276 1 # ID=1_777|Type=CDS|transl_table=11]
TIGR02504	NrdJ_Z: ribonucleoside-diphosphate reductase, adenosylcobalamin-dependent	Purines, pyrimidines, nucleosides, and nucleotides	No	No	No	No	[Salinispora tropica CNB-440, complete genome.|-|ribonucleoside-diphosphate reductase, adenosylcobalamin-dependent|loc|1653773 1656665 1 # ID=1_1437|Type=CDS|transl_table=11]
TIGR00759	aceE: pyruvate dehydrogenase (acetyl-transferring), homodimeric type	Unclassified	No	No	No	No	[Salinispora tropica CNB-440, complete genome.|-|2-oxo-acid dehydrogenase E1 subunit, homodimeric type|loc|3869041 3871780 1 # ID=1_3327|Type=CDS|transl_table=11]
TIGR01430	aden_deam: adenosine deaminase	Unclassified	No	No	Yes	No	[Salinispora tropica CNB-440, complete genome.|-|adenosine deaminase|loc|905215 906310 1 # ID=1_810|Type=CDS|transl_table=11; Salinispora tropica CNB-440, complete genome.|-|adenosine deaminase|loc|2032880 2033903 1 # ID=1_1760|Type=CDS|transl_table=11]
TIGR00456	argS: arginine--tRNA ligase	Protein synthesis	Yes	No	Yes	No	[Salinispora tropica CNB-440, complete genome.|-|arginyl-tRNA synthetase|loc|156963 158682 1 # ID=1_146|Type=CDS|transl_table=11; Salinispora tropica CNB-440, complete genome.|-|arginyl-tRNA synthetase|loc|4186272 4187937 -1 # ID=1_3608|Type=CDS|transl_table=11]
TIGR00018	panC: pantoate--beta-alanine ligase	Biosynthesis of cofactors, prosthetic groups, and carriers	No	Yes	No	No	[Salinispora tropica CNB-440, complete genome.|-|pantothenate synthetase|loc|4852500 4853349 -1 # ID=1_4235|Type=CDS|transl_table=11]
TIGR00392	ileS: isoleucine--tRNA ligase	Protein synthesis	No	No	No	No	[Salinispora tropica CNB-440, complete genome.|-|Isoleucyl-tRNA synthetase|loc|3996796 3999976 -1 # ID=1_3439|Type=CDS|transl_table=11]
TIGR01970	DEAH_box_HrpB: ATP-dependent helicase HrpB	Unknown function	No	No	No	No	[Salinispora tropica CNB-440, complete genome.|-|ATP-dependent helicase HrpB|loc|1998242 2000810 -1 # ID=1_1725|Type=CDS|transl_table=11]
TIGR00396	leuS_bact: leucine--tRNA ligase	Protein synthesis	No	No	No	No	[Salinispora tropica CNB-440, complete genome.|-|leucyl-tRNA synthetase|loc|3694889 3697754 -1 # ID=1_3180|Type=CDS|transl_table=11]
TIGR00011	YbaK_EbsC: Cys-tRNA(Pro) deacylase	Protein synthesis	No	No	No	No	[Salinispora tropica CNB-440, complete genome.|-|ybaK/ebsC protein|loc|4404854 4405337 1 # ID=1_3798|Type=CDS|transl_table=11]
TIGR00012	L29: ribosomal protein uL29	Protein synthesis	No	No	No	No	[Salinispora tropica CNB-440, complete genome.|-|LSU ribosomal protein L29P|loc|4469282 4469519 -1 # ID=1_3869|Type=CDS|transl_table=11]
TIGR00398	metG: methionine--tRNA ligase	Protein synthesis	No	No	No	No	[Salinispora tropica CNB-440, complete genome.|-|methionyl-tRNA synthetase|loc|866503 868315 1 # ID=1_775|Type=CDS|transl_table=11]
TIGR02927	SucB_Actino: 2-oxoglutarate dehydrogenase, E2 component, dihydrolipoamide succinyltransferase	Unclassified	No	No	No	Yes	[Salinispora tropica CNB-440, complete genome.|-|2-oxoglutarate dehydrogenase E2 component|loc|3808748 3810578 1 # ID=1_3275|Type=CDS|transl_table=11]
TIGR00016	ackA: acetate kinase	Energy metabolism	No	No	No	No	[Salinispora tropica CNB-440, complete genome.|-|acetate kinase|loc|4237003 4238119 1 # ID=1_3648|Type=CDS|transl_table=11]
TIGR00017	cmk: cytidylate kinase	Purines, pyrimidines, nucleosides, and nucleotides	No	No	No	No	[Salinispora tropica CNB-440, complete genome.|-|cytidylate kinase|loc|2204075 2204759 1 # ID=1_1912|Type=CDS|transl_table=11]
TIGR01228	hutU: urocanate hydratase	Energy metabolism	No	No	No	No	[Salinispora tropica CNB-440, complete genome.|-|urocanate hydratase|loc|1255766 1257416 -1 # ID=1_1099|Type=CDS|transl_table=11]
TIGR00150	T6A_YjeE: tRNA threonylcarbamoyl adenosine modification protein YjeE	Protein synthesis	No	No	No	No	[Salinispora tropica CNB-440, complete genome.|-|protein of unknown function UPF0079|loc|4413742 4414252 -1 # ID=1_3809|Type=CDS|transl_table=11]
TIGR00152	TIGR00152: dephospho-CoA kinase	Biosynthesis of cofactors, prosthetic groups, and carriers	No	No	No	No	[Salinispora tropica CNB-440, complete genome.|-|Dephospho-CoA kinase|loc|3603367 3604384 -1 # ID=1_3094|Type=CDS|transl_table=11]
TIGR00154	ispE: 4-(cytidine 5'-diphospho)-2-C-methyl-D-erythritol kinase	Biosynthesis of cofactors, prosthetic groups, and carriers	No	No	No	No	[Salinispora tropica CNB-440, complete genome.|-|4-diphosphocytidyl-2-C-methyl-D-erythritol kinase|loc|870377 871325 1 # ID=1_778|Type=CDS|transl_table=11]
TIGR00157	TIGR00157: ribosome small subunit-dependent GTPase A	Protein synthesis	Yes	No	Yes	No	[Salinispora tropica CNB-440, complete genome.|-|GTPase EngC|loc|4262209 4263334 1 # ID=1_3674|Type=CDS|transl_table=11; Salinispora tropica CNB-440, complete genome.|-|GTPase EngC|loc|4761127 4762180 -1 # ID=1_4146|Type=CDS|transl_table=11]
TIGR00158	L9: ribosomal protein bL9	Protein synthesis	No	No	No	No	[Salinispora tropica CNB-440, complete genome.|-|LSU ribosomal protein L9P|loc|5141874 5142321 -1 # ID=1_4505|Type=CDS|transl_table=11]
TIGR01389	recQ: ATP-dependent DNA helicase RecQ	DNA metabolism	No	No	No	No	[Salinispora tropica CNB-440, complete genome.|-|ATP-dependent DNA helicase RecQ|loc|3557213 3559055 1 # ID=1_3062|Type=CDS|transl_table=11]
TIGR00981	rpsL_bact: ribosomal protein uS12	Protein synthesis	No	No	No	Yes	[Salinispora tropica CNB-440, complete genome.|-|SSU ribosomal protein S12P|loc|4478790 4479165 -1 # ID=1_3882|Type=CDS|transl_table=11]
TIGR03815	CpaE_hom_Actino: helicase/secretion neighborhood CpaE-like protein	Unclassified	No	No	No	No	[Salinispora tropica CNB-440, complete genome.|-|hypothetical protein|loc|4591524 4592625 -1 # ID=1_3994|Type=CDS|transl_table=11]
TIGR01900	dapE-gram_pos: succinyl-diaminopimelate desuccinylase	Amino acid biosynthesis	No	No	No	No	[Salinispora tropica CNB-440, complete genome.|-|succinyl-diaminopimelate desuccinylase|loc|4300488 4301562 -1 # ID=1_3707|Type=CDS|transl_table=11]
TIGR03346	chaperone_ClpB: ATP-dependent chaperone protein ClpB	Protein fate	No	No	No	No	[Salinispora tropica CNB-440, complete genome.|-|ATPase AAA-2 domain protein|loc|129371 131963 1 # ID=1_121|Type=CDS|transl_table=11]
TIGR00302	TIGR00302: phosphoribosylformylglycinamidine synthase, purS protein	Purines, pyrimidines, nucleosides, and nucleotides	No	No	No	No	[Salinispora tropica CNB-440, complete genome.|-|phosphoribosylformylglycinamidine synthase, purS|loc|161741 162200 1 # ID=1_150|Type=CDS|transl_table=11]
TIGR03188	histidine_hisI: phosphoribosyl-ATP diphosphatase	Amino acid biosynthesis	No	No	No	No	[Salinispora tropica CNB-440, complete genome.|-|phosphoribosyl-ATP pyrophosphatase|loc|2147569 2147872 1 # ID=1_1859|Type=CDS|transl_table=11]
TIGR01091	upp: uracil phosphoribosyltransferase	Purines, pyrimidines, nucleosides, and nucleotides	No	No	No	No	[Salinispora tropica CNB-440, complete genome.|-|uracil phosphoribosyltransferase|loc|923869 924502 1 # ID=1_824|Type=CDS|transl_table=11]
TIGR00936	ahcY: adenosylhomocysteinase	Energy metabolism	No	No	No	No	[Salinispora tropica CNB-440, complete genome.|-|adenosylhomocysteinase|loc|1082253 1083744 1 # ID=1_960|Type=CDS|transl_table=11]
TIGR01312	XylB: xylulokinase	Energy metabolism	No	No	No	No	[Salinispora tropica CNB-440, complete genome.|-|xylulokinase|loc|4106045 4107506 -1 # ID=1_3546|Type=CDS|transl_table=11]
TIGR00577	fpg: DNA-formamidopyrimidine glycosylase	DNA metabolism	No	No	No	No	[Salinispora tropica CNB-440, complete genome.|-|Formamidopyrimidine-DNA glycosylase / DNA-(apurinic or apyrimidinic site) lyase|loc|1447320 1448184 1 # ID=1_1276|Type=CDS|transl_table=11]
TIGR01751	crot-CoA-red: crotonyl-CoA carboxylase/reductase	Unclassified	Yes	Yes	No	No	[Salinispora tropica CNB-440, complete genome.|-|crotonyl-CoA reductase|loc|1147559 1148942 -1 # ID=1_1010|Type=CDS|transl_table=11; Salinispora tropica CNB-440, complete genome.|-|crotonyl-CoA reductase|loc|4136546 4137953 1 # ID=1_3567|Type=CDS|transl_table=11]
TIGR00575	dnlj: DNA ligase, NAD-dependent	DNA metabolism	No	No	No	No	[Salinispora tropica CNB-440, complete genome.|-|DNA ligase, NAD-dependent|loc|1370565 1372701 1 # ID=1_1205|Type=CDS|transl_table=11]
TIGR00379	cobB: cobyrinic acid a,c-diamide synthase	Biosynthesis of cofactors, prosthetic groups, and carriers	No	No	No	No	[Salinispora tropica CNB-440, complete genome.|-|cobyrinate a,c-diamide synthase / hydrogenobyrinic acid a,c-diamide synthase (glutamine-hydrolysing)|loc|2838278 2839637 -1 # ID=1_2491|Type=CDS|transl_table=11]
TIGR01169	rplA_bact: ribosomal protein uL1	Protein synthesis	No	No	No	No	[Salinispora tropica CNB-440, complete genome.|-|LSU ribosomal protein L1P|loc|4490591 4491308 -1 # ID=1_3890|Type=CDS|transl_table=11]
TIGR01163	rpe: ribulose-phosphate 3-epimerase	Energy metabolism	No	No	No	No	[Salinispora tropica CNB-440, complete genome.|-|ribulose-5-phosphate 3-epimerase|loc|2141295 2141976 1 # ID=1_1852|Type=CDS|transl_table=11]
TIGR01162	purE: phosphoribosylaminoimidazole carboxylase, catalytic subunit	Purines, pyrimidines, nucleosides, and nucleotides	No	No	No	No	[Salinispora tropica CNB-440, complete genome.|-|phosphoribosylaminoimidazole carboxylase, catalytic subunit|loc|1041712 1042204 1 # ID=1_926|Type=CDS|transl_table=11]
TIGR01161	purK: phosphoribosylaminoimidazole carboxylase, ATPase subunit	Purines, pyrimidines, nucleosides, and nucleotides	No	No	No	No	[Salinispora tropica CNB-440, complete genome.|-|phosphoribosylaminoimidazole carboxylase|loc|1040534 1041716 1 # ID=1_925|Type=CDS|transl_table=11]
TIGR03988	antisig_RsrA: mycothiol system anti-sigma-R factor	Transcription	No	No	No	No	[Salinispora tropica CNB-440, complete genome.|-|hypothetical protein|loc|4257509 4257797 -1 # ID=1_3668|Type=CDS|transl_table=11]
TIGR01994	SUF_scaf_2: SUF system FeS assembly protein, NifU family	Biosynthesis of cofactors, prosthetic groups, and carriers	No	Yes	No	No	[Salinispora tropica CNB-440, complete genome.|-|SUF system FeS assembly protein, NifU family|loc|3529391 3529868 -1 # ID=1_3036|Type=CDS|transl_table=11]
TIGR01164	rplP_bact: ribosomal protein uL16	Protein synthesis	No	No	No	No	[Salinispora tropica CNB-440, complete genome.|-|LSU ribosomal protein L16P|loc|4469518 4469944 -1 # ID=1_3870|Type=CDS|transl_table=11]
TIGR01369	CPSaseII_lrg: carbamoyl-phosphate synthase, large subunit	Purines, pyrimidines, nucleosides, and nucleotides	No	No	No	No	[Salinispora tropica CNB-440, complete genome.|-|carbamoyl-phosphate synthase large subunit|loc|2121667 2125015 1 # ID=1_1836|Type=CDS|transl_table=11]
TIGR01009	rpsC_bact: ribosomal protein uS3	Protein synthesis	No	No	No	No	[Salinispora tropica CNB-440, complete genome.|-|SSU ribosomal protein S3P|loc|4469947 4470814 -1 # ID=1_3871|Type=CDS|transl_table=11]
TIGR03960	rSAM_fuse_unch: radical SAM family uncharacterized protein	Unknown function	No	No	No	No	[Salinispora tropica CNB-440, complete genome.|-|Radical SAM domain protein|loc|3992684 3994676 -1 # ID=1_3436|Type=CDS|transl_table=11]
TIGR00414	serS: serine--tRNA ligase	Protein synthesis	No	No	No	No	[Salinispora tropica CNB-440, complete genome.|-|seryl-tRNA synthetase|loc|3899052 3900336 1 # ID=1_3350|Type=CDS|transl_table=11]
TIGR00416	sms: DNA repair protein RadA	DNA metabolism	No	Yes	No	No	[Salinispora tropica CNB-440, complete genome.|-|DNA repair protein RadA|loc|4836440 4837886 1 # ID=1_4221|Type=CDS|transl_table=11]
TIGR00418	thrS: threonine--tRNA ligase	Protein synthesis	Yes	No	Yes	No	[Salinispora tropica CNB-440, complete genome.|-|tRNA synthetase, class II (G, H, P and S)|loc|940203 941421 1 # ID=1_836|Type=CDS|transl_table=11; Salinispora tropica CNB-440, complete genome.|-|Ser-tRNA(Thr) hydrolase / threonyl-tRNA synthetase|loc|2036971 2038987 1 # ID=1_1764|Type=CDS|transl_table=11]
TIGR00419	tim: triose-phosphate isomerase	Energy metabolism	No	No	No	No	[Salinispora tropica CNB-440, complete genome.|-|triosephosphate isomerase|loc|3548542 3549334 -1 # ID=1_3054|Type=CDS|transl_table=11]
TIGR03654	L6_bact: ribosomal protein uL6	Protein synthesis	No	No	No	No	[Salinispora tropica CNB-440, complete genome.|-|LSU ribosomal protein L6P|loc|4466407 4466950 -1 # ID=1_3862|Type=CDS|transl_table=11]
TIGR01051	topA_bact: DNA topoisomerase I	DNA metabolism	No	No	No	No	[Salinispora tropica CNB-440, complete genome.|-|DNA topoisomerase I|loc|4576863 4579695 -1 # ID=1_3981|Type=CDS|transl_table=11]
TIGR00055	uppS: di-trans,poly-cis-decaprenylcistransferase	Cell envelope	No	No	Yes	No	[Salinispora tropica CNB-440, complete genome.|-|Undecaprenyl pyrophosphate synthetase|loc|967179 967950 1 # ID=1_858|Type=CDS|transl_table=11; Salinispora tropica CNB-440, complete genome.|-|Undecaprenyl pyrophosphate synthetase|loc|3953508 3954321 -1 # ID=1_3398|Type=CDS|transl_table=11]
TIGR00057	TIGR00057: tRNA threonylcarbamoyl adenosine modification protein, Sua5/YciO/YrdC/YwlC family	Protein synthesis	Yes	No	Yes	No	[Salinispora tropica CNB-440, complete genome.|-|translation factor SUA5|loc|19203 20175 1 # ID=1_16|Type=CDS|transl_table=11; Salinispora tropica CNB-440, complete genome.|-|translation factor SUA5|loc|2777105 2777726 -1 # ID=1_2436|Type=CDS|transl_table=11; Salinispora tropica CNB-440, complete genome.|-|translation factor SUA5|loc|4168820 4169531 -1 # ID=1_3596|Type=CDS|transl_table=11]
TIGR00119	acolac_sm: acetolactate synthase, small subunit	Amino acid biosynthesis	No	No	No	No	[Salinispora tropica CNB-440, complete genome.|-|acetolactate synthase, small subunit|loc|1395639 1396149 1 # ID=1_1222|Type=CDS|transl_table=11]
TIGR00118	acolac_lg: acetolactate synthase, large subunit, biosynthetic type	Amino acid biosynthesis	No	No	No	No	[Salinispora tropica CNB-440, complete genome.|-|acetolactate synthase, large subunit|loc|1393688 1395572 1 # ID=1_1221|Type=CDS|transl_table=11]
TIGR02960	SigX5: RNA polymerase sigma-70 factor, TIGR02960 family	Unclassified	No	No	No	No	[Salinispora tropica CNB-440, complete genome.|-|sigma-70 region 2 domain protein|loc|3618651 3619656 1 # ID=1_3107|Type=CDS|transl_table=11]
TIGR00115	tig: trigger factor	Protein fate	No	No	No	No	[Salinispora tropica CNB-440, complete genome.|-|trigger factor|loc|4019277 4020675 -1 # ID=1_3455|Type=CDS|transl_table=11]
TIGR00114	lumazine-synth: 6,7-dimethyl-8-ribityllumazine synthase	Biosynthesis of cofactors, prosthetic groups, and carriers	No	No	No	No	[Salinispora tropica CNB-440, complete genome.|-|6,7-dimethyl-8-ribityllumazine synthase|loc|2147031 2147535 1 # ID=1_1858|Type=CDS|transl_table=11]
TIGR00116	tsf: translation elongation factor Ts	Protein synthesis	No	No	No	No	[Salinispora tropica CNB-440, complete genome.|-|translation elongation factor Ts (EF-Ts)|loc|1487228 1488056 1 # ID=1_1311|Type=CDS|transl_table=11]
TIGR00059	L17: ribosomal protein bL17	Protein synthesis	No	No	No	No	[Salinispora tropica CNB-440, complete genome.|-|LSU ribosomal protein L17P|loc|4456574 4457147 -1 # ID=1_3848|Type=CDS|transl_table=11]
TIGR00663	dnan: DNA polymerase III, beta subunit	DNA metabolism	No	No	No	Yes	[Salinispora tropica CNB-440, complete genome.|-|DNA polymerase III, beta subunit|loc|3150 4284 1 # ID=1_3|Type=CDS|transl_table=11]
TIGR01260	ATP_synt_c: ATP synthase F0, C subunit	Energy metabolism	No	No	No	No	[Salinispora tropica CNB-440, complete genome.|-|ATP synthase F0, C subunit|loc|4163825 4164050 -1 # ID=1_3590|Type=CDS|transl_table=11]
TIGR00665	DnaB: replicative DNA helicase	DNA metabolism	No	No	No	No	[Salinispora tropica CNB-440, complete genome.|-|primary replicative DNA helicase|loc|5140068 5141475 -1 # ID=1_4504|Type=CDS|transl_table=11]
TIGR00461	gcvP: glycine dehydrogenase	Energy metabolism	No	No	No	No	[Salinispora tropica CNB-440, complete genome.|-|glycine dehydrogenase (decarboxylating) beta subunit / glycine dehydrogenase (decarboxylating) alpha subunit|loc|2670756 2673573 -1 # ID=1_2345|Type=CDS|transl_table=11]
TIGR00465	ilvC: ketol-acid reductoisomerase	Amino acid biosynthesis	No	No	No	No	[Salinispora tropica CNB-440, complete genome.|-|ketol-acid reductoisomerase|loc|1396209 1397223 1 # ID=1_1223|Type=CDS|transl_table=11]
TIGR00464	gltX_bact: glutamate--tRNA ligase	Protein synthesis	No	No	No	No	[Salinispora tropica CNB-440, complete genome.|-|glutamyl-tRNA synthetase|loc|3872609 3874007 1 # ID=1_3329|Type=CDS|transl_table=11]
TIGR00468	pheS: phenylalanine--tRNA ligase, alpha subunit	Protein synthesis	No	No	No	No	[Salinispora tropica CNB-440, complete genome.|-|phenylalanyl-tRNA synthetase, alpha subunit|loc|2152070 2153159 1 # ID=1_1866|Type=CDS|transl_table=11]
TIGR02082	metH: methionine synthase	Amino acid biosynthesis	No	No	No	No	[Salinispora tropica CNB-440, complete genome.|-|methionine synthase (B12-dependent)|loc|2456546 2460050 1 # ID=1_2143|Type=CDS|transl_table=11]
TIGR03438	egtD_ergothio: dimethylhistidine N-methyltransferase	Biosynthesis of cofactors, prosthetic groups, and carriers	No	No	No	No	[Salinispora tropica CNB-440, complete genome.|-|hypothetical protein|loc|2392923 2393889 1 # ID=1_2088|Type=CDS|transl_table=11]
TIGR00020	prfB: peptide chain release factor 2	Protein synthesis	No	No	No	No	[Salinispora tropica CNB-440, complete genome.|-|bacterial peptide chain release factor 2 (bRF-2)|loc|1100183 1101305 1 # ID=1_974|Type=CDS|transl_table=11]
TIGR00029	S20: ribosomal protein bS20	Protein synthesis	No	No	No	No	[Salinispora tropica CNB-440, complete genome.|-|SSU ribosomal protein S20P|loc|3973341 3973608 1 # ID=1_3417|Type=CDS|transl_table=11]
TIGR01828	pyru_phos_dikin: pyruvate, phosphate dikinase	Energy metabolism	No	No	No	No	[Salinispora tropica CNB-440, complete genome.|-|pyruvate phosphate dikinase|loc|3934909 3937645 -1 # ID=1_3381|Type=CDS|transl_table=11]
TIGR00186	rRNA_methyl_3: RNA methyltransferase, TrmH family, group 3	Protein synthesis	No	No	No	No	[Salinispora tropica CNB-440, complete genome.|-|RNA methyltransferase, TrmH family, group 3|loc|4786719 4787841 -1 # ID=1_4173|Type=CDS|transl_table=11]
TIGR00187	ribE: riboflavin synthase, alpha subunit	Biosynthesis of cofactors, prosthetic groups, and carriers	No	No	No	No	[Salinispora tropica CNB-440, complete genome.|-|riboflavin synthase, alpha subunit|loc|2144415 2145081 1 # ID=1_1855|Type=CDS|transl_table=11]
TIGR03144	cytochr_II_ccsB: cytochrome c-type biogenesis protein CcsB	Protein fate	No	No	No	No	[Salinispora tropica CNB-440, complete genome.|-|cytochrome c assembly protein|loc|4655387 4656365 -1 # ID=1_4049|Type=CDS|transl_table=11]
TIGR00180	parB_part: ParB/RepB/Spo0J family partition protein	Unclassified	No	No	No	No	[Salinispora tropica CNB-440, complete genome.|-|chromosome segregation DNA-binding protein|loc|5176977 5177967 -1 # ID=1_4538|Type=CDS|transl_table=11]
TIGR01216	ATP_synt_epsi: ATP synthase F1, epsilon subunit	Energy metabolism	No	No	No	No	[Salinispora tropica CNB-440, complete genome.|-|H+-transporting two-sector ATPase, delta/epsilon subunit|loc|4156529 4156814 -1 # ID=1_3583|Type=CDS|transl_table=11]
TIGR00188	rnpA: ribonuclease P protein component	Transcription	No	No	No	No	[Salinispora tropica CNB-440, complete genome.|-|ribonuclease P protein component|loc|5182677 5183088 -1 # ID=1_4544|Type=CDS|transl_table=11]
TIGR01798	cit_synth_I: citrate (Si)-synthase	Energy metabolism	No	No	No	No	[Salinispora tropica CNB-440, complete genome.|-|citrate synthase I|loc|2417298 2418582 1 # ID=1_2108|Type=CDS|transl_table=11]
TIGR00239	2oxo_dh_E1: oxoglutarate dehydrogenase (succinyl-transferring), E1 component	Energy metabolism	No	No	No	No	[Salinispora tropica CNB-440, complete genome.|-|2-oxoglutarate dehydrogenase E1 component|loc|4230756 4234569 1 # ID=1_3645|Type=CDS|transl_table=11]
TIGR00234	tyrS: tyrosine--tRNA ligase	Protein synthesis	No	No	No	No	[Salinispora tropica CNB-440, complete genome.|-|tyrosyl-tRNA synthetase|loc|2170883 2172170 1 # ID=1_1885|Type=CDS|transl_table=11]
TIGR02227	sigpep_I_bact: signal peptidase I	Protein fate	No	No	Yes	No	[Salinispora tropica CNB-440, complete genome.|-|signal peptidase I|loc|1473688 1474558 1 # ID=1_1298|Type=CDS|transl_table=11; Salinispora tropica CNB-440, complete genome.|-|signal peptidase I|loc|1474568 1475210 1 # ID=1_1299|Type=CDS|transl_table=11]
TIGR00237	xseA: exodeoxyribonuclease VII, large subunit	DNA metabolism	No	No	No	No	[Salinispora tropica CNB-440, complete genome.|-|Exodeoxyribonuclease VII large subunit|loc|978972 980226 -1 # ID=1_873|Type=CDS|transl_table=11]
TIGR00233	trpS: tryptophan--tRNA ligase	Protein synthesis	No	No	No	No	[Salinispora tropica CNB-440, complete genome.|-|tryptophanyl-tRNA synthetase|loc|885303 886365 1 # ID=1_792|Type=CDS|transl_table=11]
TIGR00337	PyrG: CTP synthase	Purines, pyrimidines, nucleosides, and nucleotides	No	No	No	No	[Salinispora tropica CNB-440, complete genome.|-|CTP synthase|loc|2195050 2196796 1 # ID=1_1903|Type=CDS|transl_table=11]
TIGR01049	rpsJ_bact: ribosomal protein uS10	Protein synthesis	No	No	No	No	[Salinispora tropica CNB-440, complete genome.|-|SSU ribosomal protein S10P|loc|4474075 4474384 -1 # ID=1_3878|Type=CDS|transl_table=11]
TIGR01044	rplV_bact: ribosomal protein uL22	Protein synthesis	No	No	No	No	[Salinispora tropica CNB-440, complete genome.|-|LSU ribosomal protein L22P|loc|4470813 4471272 -1 # ID=1_3872|Type=CDS|transl_table=11]
TIGR00962	atpA: ATP synthase F1, alpha subunit	Energy metabolism	No	No	No	No	[Salinispora tropica CNB-440, complete genome.|-|ATP synthase F1, alpha subunit|loc|4160697 4162350 -1 # ID=1_3587|Type=CDS|transl_table=11]
TIGR00963	secA: preprotein translocase, SecA subunit	Protein fate	No	No	No	No	[Salinispora tropica CNB-440, complete genome.|-|protein translocase subunit secA|loc|1091379 1094295 1 # ID=1_967|Type=CDS|transl_table=11]
TIGR00964	secE_bact: preprotein translocase, SecE subunit	Protein fate	No	No	No	No	[Salinispora tropica CNB-440, complete genome.|-|preprotein translocase, SecE subunit|loc|4492777 4493158 -1 # ID=1_3893|Type=CDS|transl_table=11]
TIGR00967	3a0501s007: preprotein translocase, SecY subunit	Protein fate	No	No	No	No	[Salinispora tropica CNB-440, complete genome.|-|protein translocase subunit secY/sec61 alpha|loc|4462527 4463853 -1 # ID=1_3857|Type=CDS|transl_table=11]
TIGR01280	xseB: exodeoxyribonuclease VII, small subunit	DNA metabolism	No	No	No	No	[Salinispora tropica CNB-440, complete genome.|-|Exodeoxyribonuclease VII small subunit|loc|978648 978861 -1 # ID=1_872|Type=CDS|transl_table=11]
TIGR00685	T6PP: trehalose-phosphatase	Cellular processes	Yes	No	Yes	No	[Salinispora tropica CNB-440, complete genome.|-|HAD-superfamily hydrolase, subfamily IIB|loc|968081 968906 -1 # ID=1_859|Type=CDS|transl_table=11; Salinispora tropica CNB-440, complete genome.|-|HAD-superfamily hydrolase, subfamily IIB|loc|4061096 4063700 1 # ID=1_3499|Type=CDS|transl_table=11]
TIGR03921	T7SS_mycosin: type VII secretion-associated serine protease mycosin	Protein fate	No	No	No	No	[Salinispora tropica CNB-440, complete genome.|-|peptidase S8 and S53, subtilisin, kexin, sedolisin|loc|533302 534604 -1 # ID=1_474|Type=CDS|transl_table=11; Salinispora tropica CNB-440, complete genome.|-|peptidase S8 and S53, subtilisin, kexin, sedolisin|loc|545813 547109 -1 # ID=1_483|Type=CDS|transl_table=11; Salinispora tropica CNB-440, complete genome.|-|peptidase S8 and S53, subtilisin, kexin, sedolisin|loc|1630337 1631615 1 # ID=1_1421|Type=CDS|transl_table=11; Salinispora tropica CNB-440, complete genome.|-|peptidase S8 and S53, subtilisin, kexin, sedolisin|loc|4887232 4888528 1 # ID=1_4266|Type=CDS|transl_table=11]
TIGR03920	T7SS_EccD: type VII secretion integral membrane protein EccD	Protein fate	No	No	Yes	No	[Salinispora tropica CNB-440, complete genome.|-|hypothetical protein|loc|541193 542582 1 # ID=1_478|Type=CDS|transl_table=11; Salinispora tropica CNB-440, complete genome.|-|hypothetical protein|loc|1635565 1636984 1 # ID=1_1423|Type=CDS|transl_table=11]
SHMT	PF00464.15: Serine hydroxymethyltransferase	Unclassified	No	No	No	No	[Salinispora tropica CNB-440, complete genome.|-|serine hydroxymethyltransferase|loc|2366361 2367798 -1 # ID=1_2065|Type=CDS|transl_table=11]
TIGR01764	excise: DNA binding domain, excisionase family	Unknown function	No	Yes	No	No	[Salinispora tropica CNB-440, complete genome.|-|DNA binding domain, excisionase family|loc|68877 69135 -1 # ID=1_59|Type=CDS|transl_table=11; Salinispora tropica CNB-440, complete genome.|-|DNA binding domain, excisionase family|loc|175630 175840 1 # ID=1_161|Type=CDS|transl_table=11; Salinispora tropica CNB-440, complete genome.|-|DNA binding domain, excisionase family|loc|395084 395294 1 # ID=1_346|Type=CDS|transl_table=11; Salinispora tropica CNB-440, complete genome.|-|DNA binding domain, excisionase family|loc|1095173 1095404 -1 # ID=1_969|Type=CDS|transl_table=11; Salinispora tropica CNB-440, complete genome.|-|DNA binding domain, excisionase family|loc|2863730 2864156 1 # ID=1_2509|Type=CDS|transl_table=11; Salinispora tropica CNB-440, complete genome.|-|DNA binding domain, excisionase family|loc|4651873 4652146 1 # ID=1_4045|Type=CDS|transl_table=11]
TIGR02133	RPI_actino: ribose 5-phosphate isomerase	Unclassified	No	No	No	No	[Salinispora tropica CNB-440, complete genome.|-|ribose 5-phosphate isomerase|loc|4031474 4031942 -1 # ID=1_3469|Type=CDS|transl_table=11]
TIGR03594	GTPase_EngA: ribosome-associated GTPase EngA	Protein synthesis	No	No	No	No	[Salinispora tropica CNB-440, complete genome.|-|small GTP-binding protein|loc|2204755 2206159 1 # ID=1_1913|Type=CDS|transl_table=11]
TIGR00525	folB: dihydroneopterin aldolase	Biosynthesis of cofactors, prosthetic groups, and carriers	No	No	No	No	[Salinispora tropica CNB-440, complete genome.|-|dihydroneopterin aldolase|loc|4864628 4864991 -1 # ID=1_4248|Type=CDS|transl_table=11]
TIGR00527	gcvH: glycine cleavage system H protein	Energy metabolism	No	No	No	No	[Salinispora tropica CNB-440, complete genome.|-|glycine cleavage system H protein|loc|2677580 2677961 -1 # ID=1_2351|Type=CDS|transl_table=11]
TIGR00528	gcvT: glycine cleavage system T protein	Energy metabolism	No	No	No	No	[Salinispora tropica CNB-440, complete genome.|-|glycine cleavage system T protein|loc|3803859 3805023 -1 # ID=1_3271|Type=CDS|transl_table=11]
TIGR00243	Dxr: 1-deoxy-D-xylulose 5-phosphate reductoisomerase	Biosynthesis of cofactors, prosthetic groups, and carriers	No	No	No	No	[Salinispora tropica CNB-440, complete genome.|-|1-deoxy-D-xylulose 5-phosphate reductoisomerase|loc|1515627 1516839 1 # ID=1_1335|Type=CDS|transl_table=11]
TIGR01039	atpD: ATP synthase F1, beta subunit	Energy metabolism	No	No	No	No	[Salinispora tropica CNB-440, complete genome.|-|ATP synthase F1, beta subunit|loc|4158307 4159768 -1 # ID=1_3585|Type=CDS|transl_table=11]
TIGR01131	ATP_synt_6_or_A: ATP synthase F0, A subunit	Energy metabolism	No	No	No	No	[Salinispora tropica CNB-440, complete genome.|-|ATP synthase F0, A subunit|loc|4164145 4164925 -1 # ID=1_3591|Type=CDS|transl_table=11]
TIGR01132	pgm: phosphoglucomutase, alpha-D-glucose phosphate-specific	Energy metabolism	No	No	No	No	[Salinispora tropica CNB-440, complete genome.|-|phosphoglucomutase, alpha-D-glucose phosphate-specific|loc|1945774 1947424 1 # ID=1_1683|Type=CDS|transl_table=11]
TIGR01134	purF: amidophosphoribosyltransferase	Purines, pyrimidines, nucleosides, and nucleotides	No	No	No	No	[Salinispora tropica CNB-440, complete genome.|-|amidophosphoribosyltransferase|loc|168244 169825 1 # ID=1_154|Type=CDS|transl_table=11]
TIGR01135	glmS: glutamine-fructose-6-phosphate transaminase (isomerizing)	Central intermediary metabolism	No	No	No	No	[Salinispora tropica CNB-440, complete genome.|-|glutamine--fructose-6-phosphate transaminase|loc|4418518 4420432 -1 # ID=1_3814|Type=CDS|transl_table=11]
TIGR03817	DECH_helic: helicase/secretion neighborhood putative DEAH-box helicase	Unclassified	No	No	No	No	[Salinispora tropica CNB-440, complete genome.|-|DEAD/DEAH box helicase domain protein|loc|4585049 4587458 1 # ID=1_3987|Type=CDS|transl_table=11]
TIGR03816	tadE_like_DECH: helicase/secretion neighborhood TadE-like protein	Unknown function	No	No	No	No	[Salinispora tropica CNB-440, complete genome.|-|hypothetical protein|loc|4587534 4587978 -1 # ID=1_3988|Type=CDS|transl_table=11]
TIGR01031	rpmF_bact: ribosomal protein bL32	Protein synthesis	Yes	No	Yes	No	[Salinispora tropica CNB-440, complete genome.|-|LSU ribosomal protein L32P|loc|1445304 1445478 1 # ID=1_1273|Type=CDS|transl_table=11; Salinispora tropica CNB-440, complete genome.|-|ribosomal protein L32|loc|4732390 4732567 -1 # ID=1_4113|Type=CDS|transl_table=11]
TIGR01030	rpmH_bact: ribosomal protein bL34	Protein synthesis	No	No	No	No	[Salinispora tropica CNB-440, complete genome.|-|LSU ribosomal protein L34P|loc|5183121 5183259 -1 # ID=1_4545|Type=CDS|transl_table=11]
TIGR01032	rplT_bact: ribosomal protein bL20	Protein synthesis	No	No	No	No	[Salinispora tropica CNB-440, complete genome.|-|LSU ribosomal protein L20P|loc|2150558 2150951 1 # ID=1_1864|Type=CDS|transl_table=11]
TIGR01035	hemA: glutamyl-tRNA reductase	Biosynthesis of cofactors, prosthetic groups, and carriers	No	No	No	No	[Salinispora tropica CNB-440, complete genome.|-|glutamyl-tRNA reductase|loc|407149 408517 1 # ID=1_359|Type=CDS|transl_table=11]
TIGR01034	metK: methionine adenosyltransferase	Central intermediary metabolism	No	No	No	No	[Salinispora tropica CNB-440, complete genome.|-|methionine adenosyltransferase|loc|2131089 2132289 1 # ID=1_1844|Type=CDS|transl_table=11]
GrpE	PF01025.15: GrpE	Unclassified	No	No	No	No	[Salinispora tropica CNB-440, complete genome.|-|GrpE protein|loc|123901 124699 1 # ID=1_114|Type=CDS|transl_table=11]
Cpn10	PF00166.17: Chaperonin 10 Kd subunit	Unclassified	Yes	No	Yes	No	[Salinispora tropica CNB-440, complete genome.|-|chaperonin Cpn10|loc|319797 320136 -1 # ID=1_281|Type=CDS|transl_table=11; Salinispora tropica CNB-440, complete genome.|-|chaperonin Cpn10|loc|4403008 4403317 -1 # ID=1_3796|Type=CDS|transl_table=11]
TIGR00380	cobD: cobalamin biosynthesis protein CobD	Biosynthesis of cofactors, prosthetic groups, and carriers	No	No	No	No	[Salinispora tropica CNB-440, complete genome.|-|adenosylcobinamide-phosphate synthase|loc|4075080 4076082 -1 # ID=1_3510|Type=CDS|transl_table=11]
TIGR00422	valS: valine--tRNA ligase	Protein synthesis	No	No	No	No	[Salinispora tropica CNB-440, complete genome.|-|valyl-tRNA synthetase|loc|4005664 4008283 -1 # ID=1_3445|Type=CDS|transl_table=11]
TIGR03156	GTP_HflX: GTP-binding protein HflX	Unknown function	No	No	No	No	[Salinispora tropica CNB-440, complete genome.|-|GTP-binding protein, HSR1-related|loc|1648672 1650157 1 # ID=1_1433|Type=CDS|transl_table=11]
Ribosomal_S14	PF00253.17: Ribosomal protein S14p/S29e	Unclassified	Yes	No	Yes	No	[Salinispora tropica CNB-440, complete genome.|-|SSU ribosomal protein S14P|loc|3270222 3270528 -1 # ID=1_2815|Type=CDS|transl_table=11; Salinispora tropica CNB-440, complete genome.|-|SSU ribosomal protein S14P|loc|4467467 4467653 -1 # ID=1_3864|Type=CDS|transl_table=11]
TIGR00069	hisD: histidinol dehydrogenase	Amino acid biosynthesis	No	No	No	No	[Salinispora tropica CNB-440, complete genome.|-|histidinol dehydrogenase|loc|3664399 3665770 -1 # ID=1_3151|Type=CDS|transl_table=11]
TIGR00382	clpX: ATP-dependent Clp protease, ATP-binding subunit ClpX	Protein fate	No	No	No	No	[Salinispora tropica CNB-440, complete genome.|-|ATP-dependent Clp protease ATP-binding subunit ClpX|loc|4016294 4017584 -1 # ID=1_3452|Type=CDS|transl_table=11]
TIGR00065	ftsZ: cell division protein FtsZ	Cellular processes	No	No	No	No	[Salinispora tropica CNB-440, complete genome.|-|cell division protein FtsZ|loc|3676522 3677638 -1 # ID=1_3165|Type=CDS|transl_table=11]
TIGR00061	L21: ribosomal protein bL21	Protein synthesis	No	No	No	No	[Salinispora tropica CNB-440, complete genome.|-|LSU ribosomal protein L21P|loc|3988097 3988412 -1 # ID=1_3433|Type=CDS|transl_table=11]
TIGR00060	L18_bact: ribosomal protein uL18	Protein synthesis	No	No	No	No	[Salinispora tropica CNB-440, complete genome.|-|LSU ribosomal protein L18P|loc|4466021 4466411 -1 # ID=1_3861|Type=CDS|transl_table=11]
TIGR00062	L27: ribosomal protein bL27	Protein synthesis	No	No	No	No	[Salinispora tropica CNB-440, complete genome.|-|LSU ribosomal protein L27P|loc|3987831 3988086 -1 # ID=1_3432|Type=CDS|transl_table=11]
TIGR01391	dnaG: DNA primase	DNA metabolism	No	No	No	No	[Salinispora tropica CNB-440, complete genome.|-|DNA primase|loc|3928955 3930854 -1 # ID=1_3377|Type=CDS|transl_table=11]
TIGR01393	lepA: elongation factor 4	Unknown function	No	No	No	No	[Salinispora tropica CNB-440, complete genome.|-|GTP-binding protein LepA|loc|3969302 3971255 -1 # ID=1_3414|Type=CDS|transl_table=11]
TIGR00630	uvra: excinuclease ABC subunit A	DNA metabolism	No	No	No	No	[Salinispora tropica CNB-440, complete genome.|-|Excinuclease ABC subunit A|loc|3563420 3566384 -1 # ID=1_3068|Type=CDS|transl_table=11]
TIGR00631	uvrb: excinuclease ABC subunit B	DNA metabolism	No	No	No	No	[Salinispora tropica CNB-440, complete genome.|-|Excinuclease ABC subunit B|loc|3599443 3601549 -1 # ID=1_3092|Type=CDS|transl_table=11]
TIGR00635	ruvB: Holliday junction DNA helicase RuvB	DNA metabolism	No	No	No	No	[Salinispora tropica CNB-440, complete genome.|-|Holliday junction DNA helicase RuvB|loc|2069708 2070773 1 # ID=1_1791|Type=CDS|transl_table=11]
TIGR00731	bL25_bact_ctc: ribosomal protein bL25, Ctc-form	Protein synthesis	No	No	No	No	[Salinispora tropica CNB-440, complete genome.|-|LSU ribosomal protein L25P|loc|878468 879170 1 # ID=1_785|Type=CDS|transl_table=11]
TIGR00730	TIGR00730: TIGR00730 family protein	Hypothetical proteins	No	No	No	No	[Salinispora tropica CNB-440, complete genome.|-|conserved hypothetical protein 730|loc|4299038 4299584 -1 # ID=1_3705|Type=CDS|transl_table=11; Salinispora tropica CNB-440, complete genome.|-|conserved hypothetical protein 730|loc|4299586 4300438 -1 # ID=1_3706|Type=CDS|transl_table=11]
TIGR01498	folK: 2-amino-4-hydroxy-6-hydroxymethyldihydropteridine diphosphokinase	Biosynthesis of cofactors, prosthetic groups, and carriers	No	No	No	No	[Salinispora tropica CNB-440, complete genome.|-|2-amino-4-hydroxy-6- hydroxymethyldihydropteridine pyrophosphokinase|loc|4864104 4864632 -1 # ID=1_4247|Type=CDS|transl_table=11]
TIGR01496	DHPS: dihydropteroate synthase	Biosynthesis of cofactors, prosthetic groups, and carriers	No	Yes	Yes	No	[Salinispora tropica CNB-440, complete genome.|-|Dihydropteroate synthase|loc|789022 789892 -1 # ID=1_697|Type=CDS|transl_table=11; Salinispora tropica CNB-440, complete genome.|-|dihydropteroate synthase|loc|4864987 4866448 -1 # ID=1_4249|Type=CDS|transl_table=11]
Ribosomal_L23	PF00276.16: Ribosomal protein L23	Unclassified	No	No	No	No	[Salinispora tropica CNB-440, complete genome.|-|LSU ribosomal protein L23P|loc|4472458 4472761 -1 # ID=1_3875|Type=CDS|transl_table=11]
TIGR00151	ispF: 2-C-methyl-D-erythritol 2,4-cyclodiphosphate synthase	Biosynthesis of cofactors, prosthetic groups, and carriers	No	Yes	No	No	[Salinispora tropica CNB-440, complete genome.|-|2C-methyl-D-erythritol 2,4-cyclodiphosphate synthase|loc|4828764 4829250 -1 # ID=1_4212|Type=CDS|transl_table=11]
TIGR01695	murJ_mviN: murein biosynthesis integral membrane protein MurJ	Cell envelope	Yes	Yes	Yes	No	[Salinispora tropica CNB-440, complete genome.|-|integral membrane protein MviN|loc|2590338 2591940 1 # ID=1_2266|Type=CDS|transl_table=11; Salinispora tropica CNB-440, complete genome.|-|integral membrane protein MviN|loc|5163662 5165441 1 # ID=1_4527|Type=CDS|transl_table=11]
TIGR01915	npdG: NADPH-dependent F420 reductase	Energy metabolism	No	No	No	No	[Salinispora tropica CNB-440, complete genome.|-|reduced coenzyme F420:NADP oxidoreductase|loc|3839040 3839739 -1 # ID=1_3298|Type=CDS|transl_table=11]
TIGR03356	BGL: beta-galactosidase	Unclassified	No	No	No	No	[Salinispora tropica CNB-440, complete genome.|-|Beta-glucosidase|loc|377340 378741 -1 # ID=1_329|Type=CDS|transl_table=11; Salinispora tropica CNB-440, complete genome.|-|beta-glucosidase glycosyl gydrolase family 1|loc|1772679 1774116 1 # ID=1_1544|Type=CDS|transl_table=11; Salinispora tropica CNB-440, complete genome.|-|Beta-glucosidase|loc|3383283 3384675 1 # ID=1_2917|Type=CDS|transl_table=11]
TIGR01082	murC: UDP-N-acetylmuramate--L-alanine ligase	Cell envelope	No	No	No	No	[Salinispora tropica CNB-440, complete genome.|-|UDP-N-acetylmuramate--L-alanine ligase|loc|3678681 3680226 -1 # ID=1_3167|Type=CDS|transl_table=11]
TIGR01083	nth: endonuclease III	DNA metabolism	No	No	No	No	[Salinispora tropica CNB-440, complete genome.|-|endonuclease III / DNA-(apurinic or apyrimidinic site) lyase|loc|4892083 4892914 -1 # ID=1_4271|Type=CDS|transl_table=11]
TIGR01087	murD: UDP-N-acetylmuramoylalanine--D-glutamate ligase	Cell envelope	No	No	No	No	[Salinispora tropica CNB-440, complete genome.|-|UDP-N-acetylmuramoylalanine--D-glutamate ligase|loc|3434755 3436102 -1 # ID=1_2963|Type=CDS|transl_table=11]
TIGR00922	nusG: transcription termination/antitermination factor NusG	Transcription	No	No	No	No	[Salinispora tropica CNB-440, complete genome.|-|transcription antitermination protein nusG|loc|4492010 4492739 -1 # ID=1_3892|Type=CDS|transl_table=11]
TIGR00110	ilvD: dihydroxy-acid dehydratase	Amino acid biosynthesis	No	No	No	No	[Salinispora tropica CNB-440, complete genome.|-|dihydroxyacid dehydratase|loc|1389104 1391021 -1 # ID=1_1219|Type=CDS|transl_table=11]
TIGR00560	pgsA: CDP-diacylglycerol--glycerol-3-phosphate 3-phosphatidyltransferase	Fatty acid and phospholipid metabolism	No	No	No	No	[Salinispora tropica CNB-440, complete genome.|-|CDP-diacylglycerol--glycerol-3-phosphate 3-phosphatidyltransferase|loc|1568657 1569227 1 # ID=1_1382|Type=CDS|transl_table=11]
TIGR02170	thyX: thymidylate synthase, flavin-dependent	Purines, pyrimidines, nucleosides, and nucleotides	No	No	No	No	[Salinispora tropica CNB-440, complete genome.|-|thymidylate synthase, flavin-dependent|loc|1557492 1558236 1 # ID=1_1373|Type=CDS|transl_table=11]
TIGR02273	16S_RimM: 16S rRNA processing protein RimM	Transcription	No	No	No	No	[Salinispora tropica CNB-440, complete genome.|-|16S rRNA processing protein RimM|loc|1471589 1472132 1 # ID=1_1295|Type=CDS|transl_table=11]
TIGR00368	TIGR00368: Mg chelatase-like protein	Unknown function	No	No	No	No	[Salinispora tropica CNB-440, complete genome.|-|Mg chelatase, subunit ChlI|loc|1482747 1484268 -1 # ID=1_1307|Type=CDS|transl_table=11]
TIGR00203	cydB: cytochrome d ubiquinol oxidase, subunit II	Energy metabolism	No	Yes	No	No	[Salinispora tropica CNB-440, complete genome.|-|cytochrome d ubiquinol oxidase, subunit II|loc|2632064 2633063 -1 # ID=1_2307|Type=CDS|transl_table=11]
TIGR00362	DnaA: chromosomal replication initiator protein DnaA	DNA metabolism	No	No	No	No	[Salinispora tropica CNB-440, complete genome.|-|chromosomal replication initiator protein DnaA|loc|624 2388 1 # ID=1_1|Type=CDS|transl_table=11]
TIGR01171	rplB_bact: ribosomal protein uL2	Protein synthesis	No	No	No	No	[Salinispora tropica CNB-440, complete genome.|-|LSU ribosomal protein L2P|loc|4471606 4472446 -1 # ID=1_3874|Type=CDS|transl_table=11]
TIGR00959	ffh: signal recognition particle protein	Protein fate	No	No	No	No	[Salinispora tropica CNB-440, complete genome.|-|signal recognition particle subunit FFH/SRP54 (srp54)|loc|1465597 1467142 1 # ID=1_1289|Type=CDS|transl_table=11]
TIGR01379	thiL: thiamine-phosphate kinase	Biosynthesis of cofactors, prosthetic groups, and carriers	No	No	No	No	[Salinispora tropica CNB-440, complete genome.|-|thiamine-monophosphate kinase|loc|1435354 1436308 1 # ID=1_1263|Type=CDS|transl_table=11]
TIGR01071	rplO_bact: ribosomal protein uL15	Protein synthesis	No	No	No	No	[Salinispora tropica CNB-440, complete genome.|-|LSU ribosomal protein L15P|loc|4464747 4465191 -1 # ID=1_3858|Type=CDS|transl_table=11]
TIGR01073	pcrA: ATP-dependent DNA helicase PcrA	DNA metabolism	No	No	No	No	[Salinispora tropica CNB-440, complete genome.|-|ATP-dependent DNA helicase PcrA|loc|4372171 4374559 -1 # ID=1_3772|Type=CDS|transl_table=11]
TIGR01072	murA: UDP-N-acetylglucosamine 1-carboxyvinyltransferase	Cell envelope	Yes	No	Yes	No	[Salinispora tropica CNB-440, complete genome.|-|UDP-N-acetylglucosamine 1-carboxyvinyltransferase|loc|3791576 3793046 1 # ID=1_3262|Type=CDS|transl_table=11; Salinispora tropica CNB-440, complete genome.|-|UDP-N-acetylglucosamine 1-carboxyvinyltransferase|loc|4153877 4155266 -1 # ID=1_3580|Type=CDS|transl_table=11]
TIGR00952	S15_bact: ribosomal protein uS15	Protein synthesis	No	No	No	No	[Salinispora tropica CNB-440, complete genome.|-|SSU ribosomal protein S15P|loc|1548340 1548610 1 # ID=1_1365|Type=CDS|transl_table=11]
TIGR01079	rplX_bact: ribosomal protein uL24	Protein synthesis	No	No	No	No	[Salinispora tropica CNB-440, complete genome.|-|LSU ribosomal protein L24P|loc|4468220 4468547 -1 # ID=1_3866|Type=CDS|transl_table=11]
TIGR03089	TIGR03089: TIGR03089 family protein	Unclassified	No	No	No	No	[Salinispora tropica CNB-440, complete genome.|-|hypothetical protein|loc|1053614 1054304 -1 # ID=1_933|Type=CDS|transl_table=11]
TIGR03725	T6A_YeaZ: tRNA threonylcarbamoyl adenosine modification protein YeaZ	Protein synthesis	No	No	No	No	[Salinispora tropica CNB-440, complete genome.|-|peptidase M22, glycoprotease|loc|4412223 4412901 -1 # ID=1_3807|Type=CDS|transl_table=11]
TIGR01736	FGAM_synth_II: phosphoribosylformylglycinamidine synthase II	Purines, pyrimidines, nucleosides, and nucleotides	No	No	No	No	[Salinispora tropica CNB-440, complete genome.|-|phosphoribosylformylglycinamidine synthase subunit II|loc|162944 165419 1 # ID=1_152|Type=CDS|transl_table=11]
Ribosomal_S8	PF00410.15: Ribosomal protein S8	Unclassified	No	No	No	No	[Salinispora tropica CNB-440, complete genome.|-|SSU ribosomal protein S8P|loc|4466966 4467374 -1 # ID=1_3863|Type=CDS|transl_table=11]
Ribosomal_S9	PF00380.15: Ribosomal protein S9/S16	Unclassified	No	No	No	No	[Salinispora tropica CNB-440, complete genome.|-|SSU ribosomal protein S9P|loc|4423369 4423834 -1 # ID=1_3817|Type=CDS|transl_table=11]
TIGR00109	hemH: ferrochelatase	Biosynthesis of cofactors, prosthetic groups, and carriers	No	No	No	No	[Salinispora tropica CNB-440, complete genome.|-|Ferrochelatase|loc|3454947 3456030 -1 # ID=1_2981|Type=CDS|transl_table=11]
TIGR00105	L31: ribosomal protein bL31	Protein synthesis	Yes	No	Yes	No	[Salinispora tropica CNB-440, complete genome.|-|LSU ribosomal protein L31P|loc|3272442 3272703 1 # ID=1_2819|Type=CDS|transl_table=11; Salinispora tropica CNB-440, complete genome.|-|LSU ribosomal protein L31P|loc|4173401 4173626 -1 # ID=1_3600|Type=CDS|transl_table=11]
TIGR00103	DNA_YbaB_EbfC: DNA-binding protein, YbaB/EbfC family	Unknown function	No	No	No	No	[Salinispora tropica CNB-440, complete genome.|-|conserved hypothetical protein 103|loc|244877 245255 1 # ID=1_217|Type=CDS|transl_table=11]
TIGR00674	dapA: 4-hydroxy-tetrahydrodipicolinate synthase	Amino acid biosynthesis	No	No	No	No	[Salinispora tropica CNB-440, complete genome.|-|dihydrodipicolinate synthase|loc|1558282 1559209 1 # ID=1_1374|Type=CDS|transl_table=11]
TIGR01513	NAPRTase_put: nicotinate phosphoribosyltransferase	Biosynthesis of cofactors, prosthetic groups, and carriers	Yes	No	No	No	[Salinispora tropica CNB-440, complete genome.|-|putative nicotinate phosphoribosyltransferase|loc|1243817 1245104 -1 # ID=1_1086|Type=CDS|transl_table=11; Salinispora tropica CNB-440, complete genome.|-|putative nicotinate phosphoribosyltransferase|loc|2778586 2779942 -1 # ID=1_2438|Type=CDS|transl_table=11]
TIGR00472	pheT_bact: phenylalanine--tRNA ligase, beta subunit	Protein synthesis	No	No	No	No	[Salinispora tropica CNB-440, complete genome.|-|phenylalanyl-tRNA synthetase beta subunit|loc|2153195 2155781 1 # ID=1_1867|Type=CDS|transl_table=11]
TIGR01534	GAPDH-I: glyceraldehyde-3-phosphate dehydrogenase, type I	Energy metabolism	No	No	No	Yes	[Salinispora tropica CNB-440, complete genome.|-|glyceraldehyde-3-phosphate dehydrogenase|loc|3550586 3551591 -1 # ID=1_3056|Type=CDS|transl_table=11]
TIGR01455	glmM: phosphoglucosamine mutase	Central intermediary metabolism	No	No	No	No	[Salinispora tropica CNB-440, complete genome.|-|phosphoglucosamine mutase|loc|4421899 4423255 -1 # ID=1_3816|Type=CDS|transl_table=11]
TIGR01959	nuoF_fam: NADH oxidoreductase (quinone), F subunit	Energy metabolism	No	No	No	No	[Salinispora tropica CNB-440, complete genome.|-|NADH-quinone oxidoreductase, F subunit|loc|4618562 4619894 -1 # ID=1_4014|Type=CDS|transl_table=11]
TIGR01953	NusA: transcription termination factor NusA	Transcription	No	No	No	No	[Salinispora tropica CNB-440, complete genome.|-|transcription termination factor NusA|loc|1536597 1537641 1 # ID=1_1353|Type=CDS|transl_table=11]
TIGR01951	nusB: transcription antitermination factor NusB	Transcription	No	No	No	No	[Salinispora tropica CNB-440, complete genome.|-|transcription antitermination factor NusB|loc|2116327 2116738 1 # ID=1_1830|Type=CDS|transl_table=11]
TIGR00033	aroC: chorismate synthase	Amino acid biosynthesis	No	No	No	No	[Salinispora tropica CNB-440, complete genome.|-|chorismate synthase|loc|2112318 2113497 1 # ID=1_1825|Type=CDS|transl_table=11]
TIGR00036	dapB: 4-hydroxy-tetrahydrodipicolinate reductase	Amino acid biosynthesis	No	No	No	No	[Salinispora tropica CNB-440, complete genome.|-|dihydrodipicolinate reductase|loc|1552754 1553537 1 # ID=1_1368|Type=CDS|transl_table=11]
TIGR00038	efp: translation elongation factor P	Protein synthesis	No	No	No	No	[Salinispora tropica CNB-440, complete genome.|-|translation elongation factor P (EF-P)|loc|2115746 2116304 1 # ID=1_1829|Type=CDS|transl_table=11]
TIGR02506	NrdE_NrdA: ribonucleoside-diphosphate reductase, alpha subunit	Purines, pyrimidines, nucleosides, and nucleotides	No	No	No	No	[Salinispora tropica CNB-440, complete genome.|-|ribonucleoside-diphosphate reductase, alpha subunit|loc|4964048 4966778 -1 # ID=1_4340|Type=CDS|transl_table=11]
TIGR01819	F420_cofD: 2-phospho-L-lactate transferase	Biosynthesis of cofactors, prosthetic groups, and carriers	No	No	No	No	[Salinispora tropica CNB-440, complete genome.|-|LPPG:FO 2-phospho-L-lactate transferase|loc|1059563 1060520 -1 # ID=1_939|Type=CDS|transl_table=11]
TIGR02350	prok_dnaK: chaperone protein DnaK	Protein fate	No	No	No	No	[Salinispora tropica CNB-440, complete genome.|-|chaperone protein DnaK|loc|122016 123858 1 # ID=1_113|Type=CDS|transl_table=11]
TIGR02891	CtaD_CoxA: cytochrome c oxidase, subunit I	Energy metabolism	Yes	No	No	No	[Salinispora tropica CNB-440, complete genome.|-|Cytochrome-c oxidase|loc|1239716 1241651 1 # ID=1_1083|Type=CDS|transl_table=11; Salinispora tropica CNB-440, complete genome.|-|Cytochrome-c oxidase|loc|2426081 2428079 -1 # ID=1_2115|Type=CDS|transl_table=11]
Ribosomal_L10	PF00466.16: Ribosomal protein L10	Unclassified	No	No	No	No	[Salinispora tropica CNB-440, complete genome.|-|LSU ribosomal protein L10P|loc|4489648 4490194 -1 # ID=1_3889|Type=CDS|transl_table=11]
TIGR02952	Sig70_famx2: RNA polymerase sigma-70 factor, TIGR02952 family	Unclassified	No	No	No	No	[Salinispora tropica CNB-440, complete genome.|-|RNA polymerase, sigma-24 subunit, ECF subfamily|loc|401221 402157 -1 # ID=1_353|Type=CDS|transl_table=11]
TIGR03691	20S_bact_alpha: proteasome, alpha subunit	Protein fate	No	No	No	Yes	[Salinispora tropica CNB-440, complete genome.|-|20S proteasome, A and B subunits|loc|2538618 2539401 1 # ID=1_2216|Type=CDS|transl_table=11]
TIGR03690	20S_bact_beta: proteasome, beta subunit	Protein fate	Yes	Yes	Yes	Yes	[Salinispora tropica CNB-440, complete genome.|-|20S proteasome, A and B subunits|loc|1144504 1145353 1 # ID=1_1008|Type=CDS|transl_table=11; Salinispora tropica CNB-440, complete genome.|-|20S proteasome, A and B subunits|loc|2537592 2538567 1 # ID=1_2215|Type=CDS|transl_table=11]
TIGR03699	menaquin_MqnC: dehypoxanthine futalosine cyclase	Biosynthesis of cofactors, prosthetic groups, and carriers	No	No	No	No	[Salinispora tropica CNB-440, complete genome.|-|Radical SAM domain protein|loc|4626525 4627710 -1 # ID=1_4022|Type=CDS|transl_table=11]
TIGR03450	mycothiol_INO1: inositol 1-phosphate synthase	Unclassified	No	No	No	No	[Salinispora tropica CNB-440, complete genome.|-|Myo-inositol-1-phosphate synthase|loc|5152944 5154024 1 # ID=1_4515|Type=CDS|transl_table=11]
TIGR00088	trmD: tRNA (guanine(37)-N(1))-methyltransferase	Protein synthesis	No	No	No	No	[Salinispora tropica CNB-440, complete genome.|-|tRNA (Guanine37-N(1)-) methyltransferase|loc|1472232 1473006 1 # ID=1_1296|Type=CDS|transl_table=11]
TIGR00086	smpB: SsrA-binding protein	Protein synthesis	No	No	No	No	[Salinispora tropica CNB-440, complete genome.|-|SsrA-binding protein|loc|1103191 1103671 1 # ID=1_977|Type=CDS|transl_table=11]
TIGR00084	ruvA: Holliday junction DNA helicase RuvA	DNA metabolism	No	No	No	No	[Salinispora tropica CNB-440, complete genome.|-|Holliday junction DNA helicase subunit RuvA|loc|2069049 2069652 1 # ID=1_1790|Type=CDS|transl_table=11]
TIGR00082	rbfA: ribosome-binding factor A	Transcription	No	No	No	No	[Salinispora tropica CNB-440, complete genome.|-|ribosome-binding factor A|loc|1541617 1542088 1 # ID=1_1357|Type=CDS|transl_table=11]
TIGR00081	purC: phosphoribosylaminoimidazolesuccinocarboxamide synthase	Purines, pyrimidines, nucleosides, and nucleotides	No	No	No	No	[Salinispora tropica CNB-440, complete genome.|-|phosphoribosylaminoimidazole-succinocarboxamide synthase|loc|4268595 4269429 -1 # ID=1_3681|Type=CDS|transl_table=11]
TIGR00855	L12: ribosomal protein bL12	Protein synthesis	No	No	No	No	[Salinispora tropica CNB-440, complete genome.|-|LSU ribosomal protein L12P|loc|4489206 4489593 -1 # ID=1_3888|Type=CDS|transl_table=11]
TIGR00690	rpoZ: DNA-directed RNA polymerase, omega subunit	Transcription	No	No	No	No	[Salinispora tropica CNB-440, complete genome.|-|DNA-directed RNA polymerase, omega subunit|loc|2129511 2129778 1 # ID=1_1842|Type=CDS|transl_table=11]
TIGR03936	sam_1_link_chp: radical SAM-linked protein	Unclassified	No	No	No	No	[Salinispora tropica CNB-440, complete genome.|-|hypothetical protein|loc|3991857 3992484 -1 # ID=1_3435|Type=CDS|transl_table=11]
TIGR02673	FtsE: cell division ATP-binding protein FtsE	Cellular processes	No	No	No	No	[Salinispora tropica CNB-440, complete genome.|-|cell division ATP-binding protein FtsE|loc|1101387 1102104 1 # ID=1_975|Type=CDS|transl_table=11]
TIGR02127	pyrF_sub2: orotidine 5'-phosphate decarboxylase	Purines, pyrimidines, nucleosides, and nucleotides	No	No	No	No	[Salinispora tropica CNB-440, complete genome.|-|orotidine 5-phosphate decarboxylase|loc|2127576 2128413 1 # ID=1_1839|Type=CDS|transl_table=11]
TIGR00250	RNAse_H_YqgF: putative transcription antitermination factor YqgF	Unknown function	No	No	No	No	[Salinispora tropica CNB-440, complete genome.|-|Holliday junction resolvase YqgF|loc|2095265 2095727 1 # ID=1_1809|Type=CDS|transl_table=11]
TIGR00256	TIGR00256: D-tyrosyl-tRNA(Tyr) deacylase	Protein synthesis	No	No	No	No	[Salinispora tropica CNB-440, complete genome.|-|D-tyrosyl-tRNA(Tyr) deacylase|loc|1677424 1677847 -1 # ID=1_1451|Type=CDS|transl_table=11]
TIGR00558	pdxH: pyridoxamine 5'-phosphate oxidase	Biosynthesis of cofactors, prosthetic groups, and carriers	No	No	No	No	[Salinispora tropica CNB-440, complete genome.|-|Pyridoxamine 5-phosphate oxidase|loc|484568 485354 1 # ID=1_427|Type=CDS|transl_table=11]
TIGR01144	ATP_synt_b: ATP synthase F0, B subunit	Energy metabolism	No	No	No	No	[Salinispora tropica CNB-440, complete genome.|-|ATP synthase F0, B subunit|loc|4163266 4163794 -1 # ID=1_3589|Type=CDS|transl_table=11]
TIGR03800	PLP_synth_Pdx2: pyridoxal 5'-phosphate synthase, glutaminase subunit Pdx2	Biosynthesis of cofactors, prosthetic groups, and carriers	No	No	No	No	[Salinispora tropica CNB-440, complete genome.|-|SNO glutamine amidotransferase|loc|2046509 2047115 1 # ID=1_1772|Type=CDS|transl_table=11]
TIGR01029	rpsG_bact: ribosomal protein uS7	Protein synthesis	No	No	No	No	[Salinispora tropica CNB-440, complete genome.|-|SSU ribosomal protein S7P|loc|4478318 4478789 -1 # ID=1_3881|Type=CDS|transl_table=11]
TIGR01022	rpmJ_bact: ribosomal protein bL36	Protein synthesis	No	No	No	No	[Salinispora tropica CNB-440, complete genome.|-|LSU ribosomal protein L36P|loc|4460006 4460120 -1 # ID=1_3853|Type=CDS|transl_table=11]
TIGR01023	rpmG_bact: ribosomal protein bL33	Protein synthesis	Yes	No	No	No	[Salinispora tropica CNB-440, complete genome.|-|LSU ribosomal protein L33P|loc|3270529 3270697 -1 # ID=1_2816|Type=CDS|transl_table=11; Salinispora tropica CNB-440, complete genome.|-|LSU ribosomal protein L33P|loc|4494518 4494686 -1 # ID=1_3896|Type=CDS|transl_table=11]
TIGR01021	rpsE_bact: ribosomal protein uS5	Protein synthesis	No	No	No	No	[Salinispora tropica CNB-440, complete genome.|-|SSU ribosomal protein S5P|loc|4465372 4465987 -1 # ID=1_3860|Type=CDS|transl_table=11]
TIGR01024	rplS_bact: ribosomal protein bL19	Protein synthesis	No	No	No	No	[Salinispora tropica CNB-440, complete genome.|-|LSU ribosomal protein L19P|loc|1473149 1473506 1 # ID=1_1297|Type=CDS|transl_table=11]
TIGR00435	cysS: cysteine--tRNA ligase	Protein synthesis	No	No	No	No	[Salinispora tropica CNB-440, complete genome.|-|cysteinyl-tRNA synthetase|loc|4787840 4789256 -1 # ID=1_4174|Type=CDS|transl_table=11]
TIGR00431	TruB: tRNA pseudouridine(55) synthase	Protein synthesis	No	No	No	No	[Salinispora tropica CNB-440, complete genome.|-|tRNA pseudouridine synthase B|loc|1546166 1547150 1 # ID=1_1363|Type=CDS|transl_table=11]
TIGR02191	RNaseIII: ribonuclease III	Transcription	No	No	No	No	[Salinispora tropica CNB-440, complete genome.|-|RNAse III|loc|1446569 1447328 1 # ID=1_1275|Type=CDS|transl_table=11]
TIGR00078	nadC: nicotinate-nucleotide diphosphorylase (carboxylating)	Biosynthesis of cofactors, prosthetic groups, and carriers	No	Yes	No	No	[Salinispora tropica CNB-440, complete genome.|-|nicotinate-nucleotide pyrophosphorylase (carboxylating)|loc|4848277 4849174 -1 # ID=1_4231|Type=CDS|transl_table=11]
TIGR00019	prfA: peptide chain release factor 1	Protein synthesis	No	No	No	No	[Salinispora tropica CNB-440, complete genome.|-|bacterial peptide chain release factor 1 (bRF-1)|loc|4172201 4173290 -1 # ID=1_3599|Type=CDS|transl_table=11]
TIGR00077	lspA: signal peptidase II	Protein fate	No	No	No	No	[Salinispora tropica CNB-440, complete genome.|-|lipoprotein signal peptidase|loc|3670997 3671696 -1 # ID=1_3157|Type=CDS|transl_table=11]
TIGR00071	hisT_truA: tRNA pseudouridine(38-40) synthase	Protein synthesis	No	No	No	No	[Salinispora tropica CNB-440, complete genome.|-|tRNA-pseudouridine synthase I|loc|4455675 4456506 -1 # ID=1_3847|Type=CDS|transl_table=11]
TIGR00177	molyb_syn: molybdenum cofactor synthesis domain	Unclassified	No	No	No	No	[Salinispora tropica CNB-440, complete genome.|-|molybdopterin molybdochelatase|loc|827767 829081 1 # ID=1_741|Type=CDS|transl_table=11; Salinispora tropica CNB-440, complete genome.|-|molybdenum cofactor synthesis domain|loc|5136500 5136974 -1 # ID=1_4500|Type=CDS|transl_table=11]
TIGR02393	RpoD_Cterm: RNA polymerase sigma factor RpoD	Transcription	No	No	No	No	[Salinispora tropica CNB-440, complete genome.|-|RNA polymerase sigma factor RpoD|loc|1684801 1686430 -1 # ID=1_1459|Type=CDS|transl_table=11]
TIGR00174	miaA: tRNA dimethylallyltransferase	Protein synthesis	No	No	No	No	[Salinispora tropica CNB-440, complete genome.|-|tRNA delta(2)-isopentenylpyrophosphate transferase|loc|1643672 1644632 1 # ID=1_1429|Type=CDS|transl_table=11]
TIGR00172	maf: septum formation protein Maf	Cellular processes	No	No	No	No	[Salinispora tropica CNB-440, complete genome.|-|maf protein|loc|952990 953671 -1 # ID=1_846|Type=CDS|transl_table=11]
TIGR00171	leuD: 3-isopropylmalate dehydratase, small subunit	Amino acid biosynthesis	No	No	No	No	[Salinispora tropica CNB-440, complete genome.|-|3-isopropylmalate dehydratase, small subunit|loc|1421668 1422256 1 # ID=1_1247|Type=CDS|transl_table=11]
TIGR00647	DNA_bind_WhiA: DNA-binding protein WhiA	Cellular processes	No	No	No	No	[Salinispora tropica CNB-440, complete genome.|-|protein of unknown function DUF199|loc|3551856 3552837 -1 # ID=1_3057|Type=CDS|transl_table=11]
TIGR01245	trpD: anthranilate phosphoribosyltransferase	Amino acid biosynthesis	No	No	No	No	[Salinispora tropica CNB-440, complete genome.|-|anthranilate phosphoribosyltransferase|loc|3783271 3784333 1 # ID=1_3253|Type=CDS|transl_table=11]
TIGR00179	murB: UDP-N-acetylenolpyruvoylglucosamine reductase	Cell envelope	No	No	No	No	[Salinispora tropica CNB-440, complete genome.|-|UDP-N-acetylmuramate dehydrogenase|loc|379841 380972 1 # ID=1_331|Type=CDS|transl_table=11]
TIGR00720	sda_mono: L-serine ammonia-lyase	Energy metabolism	No	No	No	No	[Salinispora tropica CNB-440, complete genome.|-|2-hydroxymethylglutarate dehydratase / L-serine ammonia-lyase|loc|490066 491464 1 # ID=1_433|Type=CDS|transl_table=11]
TIGR02412	pepN_strep_liv: aminopeptidase N	Unclassified	Yes	No	No	No	[Salinispora tropica CNB-440, complete genome.|-|aminopeptidase N|loc|3982541 3985055 -1 # ID=1_3427|Type=CDS|transl_table=11; Salinispora tropica CNB-440, complete genome.|-|aminopeptidase N|loc|4034227 4036783 1 # ID=1_3472|Type=CDS|transl_table=11]
TIGR00724	urea_amlyse_rel: biotin-dependent carboxylase uncharacterized domain	Unknown function	No	No	No	No	[Salinispora tropica CNB-440, complete genome.|-|urea amidolyase related protein|loc|104159 105098 1 # ID=1_98|Type=CDS|transl_table=11]
TIGR00481	TIGR00481: Raf kinase inhibitor-like protein, YbhB/YbcL family	Unknown function	No	No	No	No	[Salinispora tropica CNB-440, complete genome.|-|phospholipid-binding protein, PBP family|loc|4679075 4679609 1 # ID=1_4068|Type=CDS|transl_table=11]
TIGR00487	IF-2: translation initiation factor IF-2	Protein synthesis	No	No	No	No	[Salinispora tropica CNB-440, complete genome.|-|bacterial translation initiation factor 2 (bIF-2)|loc|1538082 1541082 1 # ID=1_1355|Type=CDS|transl_table=11]
TIGR00486	YbgI_SA1388: dinuclear metal center protein, YbgI/SA1388 family	Unknown function	No	No	No	No	[Salinispora tropica CNB-440, complete genome.|-|protein of unknown function DUF34|loc|3851108 3851981 -1 # ID=1_3311|Type=CDS|transl_table=11]
TIGR00485	EF-Tu: translation elongation factor Tu	Protein synthesis	No	No	No	No	[Salinispora tropica CNB-440, complete genome.|-|translation elongation factor 1A (EF-1A/EF-Tu)|loc|4474731 4475925 -1 # ID=1_3879|Type=CDS|transl_table=11]
TIGR00484	EF-G: translation elongation factor G	Protein synthesis	No	No	No	No	[Salinispora tropica CNB-440, complete genome.|-|translation elongation factor 2 (EF-2/EF-G)|loc|4476147 4478244 -1 # ID=1_3880|Type=CDS|transl_table=11]
TIGR02012	tigrfam_recA: protein RecA	DNA metabolism	No	No	No	No	[Salinispora tropica CNB-440, complete genome.|-|recA protein|loc|1602143 1603190 1 # ID=1_1409|Type=CDS|transl_table=11]
TIGR03552	F420_cofC: 2-phospho-L-lactate guanylyltransferase	Biosynthesis of cofactors, prosthetic groups, and carriers	No	No	No	No	[Salinispora tropica CNB-440, complete genome.|-|hypothetical protein|loc|1426557 1427238 -1 # ID=1_1252|Type=CDS|transl_table=11]
TIGR00281	TIGR00281: segregation and condensation protein B	DNA metabolism	No	No	No	No	[Salinispora tropica CNB-440, complete genome.|-|condensin subunit ScpB|loc|2202298 2203147 1 # ID=1_1910|Type=CDS|transl_table=11]
TIGR03160	cobT_DBIPRT: nicotinate-nucleotide--dimethylbenzimidazole phosphoribosyltransferase	Biosynthesis of cofactors, prosthetic groups, and carriers	No	No	No	No	[Salinispora tropica CNB-440, complete genome.|-|Nicotinate-nucleotide--dimethylbenzimidazole phosphoribosyltransferase|loc|4065084 4066179 -1 # ID=1_3501|Type=CDS|transl_table=11]
TIGR02866	CoxB: cytochrome c oxidase, subunit II	Energy metabolism	No	No	No	No	[Salinispora tropica CNB-440, complete genome.|-|cytochrome c oxidase, subunit II|loc|3784864 3785836 -1 # ID=1_3255|Type=CDS|transl_table=11]
TIGR00043	TIGR00043: rRNA maturation RNase YbeY	Protein synthesis	No	No	No	No	[Salinispora tropica CNB-440, complete genome.|-|protein of unknown function UPF0054|loc|3959208 3959682 -1 # ID=1_3404|Type=CDS|transl_table=11]
TIGR00593	pola: DNA polymerase I	DNA metabolism	No	No	No	No	[Salinispora tropica CNB-440, complete genome.|-|DNA polymerase I|loc|3609209 3611909 -1 # ID=1_3100|Type=CDS|transl_table=11]
TIGR01632	L11_bact: ribosomal protein uL11	Protein synthesis	No	No	No	No	[Salinispora tropica CNB-440, complete genome.|-|LSU ribosomal protein L11P|loc|4491386 4491818 -1 # ID=1_3891|Type=CDS|transl_table=11]
TIGR00214	lipB: lipoyl(octanoyl) transferase	Protein fate	No	No	No	No	[Salinispora tropica CNB-440, complete genome.|-|lipoate-protein ligase B|loc|3817835 3818477 1 # ID=1_3281|Type=CDS|transl_table=11]
TIGR00357	TIGR00357: methionine-R-sulfoxide reductase	Protein fate	No	No	No	No	[Salinispora tropica CNB-440, complete genome.|-|methionine-R-sulfoxide reductase|loc|1751793 1752240 -1 # ID=1_1526|Type=CDS|transl_table=11]
TIGR00355	purH: phosphoribosylaminoimidazolecarboxamide formyltransferase/IMP cyclohydrolase	Purines, pyrimidines, nucleosides, and nucleotides	No	No	No	No	[Salinispora tropica CNB-440, complete genome.|-|IMP cyclohydrolase / phosphoribosylaminoimidazolecarboxamide formyltransferase|loc|4360945 4362514 -1 # ID=1_3761|Type=CDS|transl_table=11]
TIGR03843	TIGR03843: conserved hypothetical protein	Unclassified	No	No	No	No	[Salinispora tropica CNB-440, complete genome.|-|hypothetical protein|loc|2452207 2453047 1 # ID=1_2139|Type=CDS|transl_table=11]
TIGR00218	manA: mannose-6-phosphate isomerase, class I	Energy metabolism	No	No	No	No	[Salinispora tropica CNB-440, complete genome.|-|mannose-6-phosphate isomerase|loc|1080816 1081980 1 # ID=1_959|Type=CDS|transl_table=11]
TIGR01066	rplM_bact: ribosomal protein uL13	Protein synthesis	No	No	No	No	[Salinispora tropica CNB-440, complete genome.|-|LSU ribosomal protein L13P|loc|4423854 4424298 -1 # ID=1_3818|Type=CDS|transl_table=11]
TIGR01067	rplN_bact: ribosomal protein uL14	Protein synthesis	No	No	No	No	[Salinispora tropica CNB-440, complete genome.|-|LSU ribosomal protein L14P|loc|4468543 4468912 -1 # ID=1_3867|Type=CDS|transl_table=11]
TIGR01064	pyruv_kin: pyruvate kinase	Energy metabolism	No	No	No	No	[Salinispora tropica CNB-440, complete genome.|-|pyruvate kinase|loc|3626059 3627508 -1 # ID=1_3115|Type=CDS|transl_table=11]
TIGR01063	gyrA: DNA gyrase, A subunit	DNA metabolism	No	No	No	Yes	[Salinispora tropica CNB-440, complete genome.|-|DNA gyrase subunit A|loc|10078 12598 1 # ID=1_9|Type=CDS|transl_table=11]
TIGR01060	eno: phosphopyruvate hydratase	Energy metabolism	No	No	No	No	[Salinispora tropica CNB-440, complete genome.|-|enolase|loc|998737 1000021 1 # ID=1_885|Type=CDS|transl_table=11]
TIGR00945	tatC: twin arginine-targeting protein translocase TatC	Protein fate	No	No	No	No	[Salinispora tropica CNB-440, complete genome.|-|Sec-independent protein translocase, TatC subunit|loc|2546121 2547072 1 # ID=1_2224|Type=CDS|transl_table=11]
TIGR03941	tRNA_deam_assoc: putative tRNA adenosine deaminase-associated protein	Unknown function	No	No	No	No	[Salinispora tropica CNB-440, complete genome.|-|hypothetical protein|loc|232138 232663 1 # ID=1_204|Type=CDS|transl_table=11]
TIGR00550	nadA: quinolinate synthetase complex, A subunit	Biosynthesis of cofactors, prosthetic groups, and carriers	No	No	No	No	[Salinispora tropica CNB-440, complete genome.|-|quinolinate synthetase A|loc|3790280 3791483 1 # ID=1_3261|Type=CDS|transl_table=11]
TIGR03635	uS17_bact: ribosomal protein uS17	Protein synthesis	No	No	No	No	[Salinispora tropica CNB-440, complete genome.|-|SSU ribosomal protein S17P|loc|4469010 4469286 -1 # ID=1_3868|Type=CDS|transl_table=11]
TIGR02013	rpoB: DNA-directed RNA polymerase, beta subunit	Transcription	No	No	No	Yes	[Salinispora tropica CNB-440, complete genome.|-|DNA-directed RNA polymerase, beta subunit|loc|4485212 4488644 -1 # ID=1_3887|Type=CDS|transl_table=11]
TIGR03631	uS13_bact: ribosomal protein uS13	Protein synthesis	No	No	No	No	[Salinispora tropica CNB-440, complete genome.|-|SSU ribosomal protein S13P|loc|4459362 4459743 -1 # ID=1_3852|Type=CDS|transl_table=11]
TIGR03632	uS11_bact: ribosomal protein uS11	Protein synthesis	No	No	No	No	[Salinispora tropica CNB-440, complete genome.|-|SSU ribosomal protein S11P|loc|4458936 4459344 -1 # ID=1_3851|Type=CDS|transl_table=11]
TIGR00500	met_pdase_I: methionine aminopeptidase, type I	Protein fate	No	No	Yes	No	[Salinispora tropica CNB-440, complete genome.|-|methionine aminopeptidase, type I|loc|1532696 1533554 1 # ID=1_1347|Type=CDS|transl_table=11; Salinispora tropica CNB-440, complete genome.|-|methionine aminopeptidase, type I|loc|4323797 4324616 -1 # ID=1_3728|Type=CDS|transl_table=11; Salinispora tropica CNB-440, complete genome.|-|methionine aminopeptidase, type I|loc|4460947 4461793 -1 # ID=1_3855|Type=CDS|transl_table=11]
